0.00074747,0.00083416,0.00066664,0.00046878,0.00042308,0.00046287,0.00041452,0.00036767,0.0003204,0.00028756,0.00029672,0.00029921,0.00034248,0.00024019,0.0002291,0.00018885,0.00021013,0.00033188,0.00033395,0.00034251,0.0003724,0.00037545,0.00057667,0.0048234,0.018965,0.02023,0.0067832,0.0024908,0.0022203,0.00098179,0.00045011,0.00053862,0.00059013,0.00049567,0.00045081,0.00069782,0.00083241,0.00068672,0.00067069,0.00081088,0.00091498,0.000754,0.00050726,0.00049052,0.00053977,0.00059893,0.00083264,0.00083187,0.00077359,0.00078134,0.00089358,0.00091331,0.00095439,0.0014255,0.0091238,0.050612,0.066549,0.025803,0.0041031,0.0016231,0.0011396,0.00094362,0.00088946,0.00075998,0.00076993,0.00081454,0.00069159,0.00063824,0.00055826,0.00061596,0.00073336,0.00068258,0.00064667,0.0006399,0.00064476,0.00060531,0.00054982,0.00057815,0.00054747,0.0005243,0.0005996,0.00058965,0.00055549,0.00053313,0.00062781,0.00073709,0.0006502,0.00074704,0.00076874,0.00057863,0.00054494,0.00061604,0.00068112,0.00074281,0.00080232,0.00074465,0.00069914,0.00077249,0.00093976,0.0011581,0.0015892,0.0024092,0.0038279,0.0061908,0.0093235,0.013114,0.016782,0.018062,0.016663,0.014298,0.012401,0.011329,0.010311,0.0090977,0.0080317,0.007072,0.0062384,0.0054958,0.0047625,0.0040032,0.0033367,0.0026927,0.0021843,0.0017927,0.0014513,0.001248,0.0010996,0.00098476,0.00093304,0.00091761,0.00085105,0.00078071,0.00081307,0.00086509,0.00080689,0.00076041,0.00078882,0.0007836,0.00072785,0.00072603,0.00075377,0.00073664,0.00070553,0.0006967,0.00078376,0.00080554,0.00091712,0.0010354,0.0011059,0.0011582,0.0012424,0.0014662,0.0023655,0.0039543,0.0042247,0.0040356,0.0057438,0.010002,0.01541,0.024026,0.046694,0.084706,0.10001,0.086921,0.083151,0.10621,0.1257,0.095306,0.061448,0.045874,0.034763,0.025969,0.019412,0.014725,0.011005,0.0079226,0.0059986,0.0048484,0.0040387,0.0034602,0.0031025,0.0028931,0.0027817,0.0026309,0.0024331,0.0022138,0.0020113,0.0019745,0.002012,0.0019443,0.0016659,0.001427,0.0013731,0.0013957,0.0015604,0.0025153,0.008193,0.013604,0.012881,0.016393,0.018443,0.017774,0.019147,0.022033,0.02192,0.020368,0.02424,0.035571,0.030714,0.017158,0.013624,0.016511,0.025187,0.033098,0.025453,0.014912,0.011611,0.011614,0.015003,0.021456,0.021571,0.014786,0.0097149,0.0082418,0.0085895,0.0094784,0.011154,0.014649,0.022435,0.046301,0.12779,0.19773,0.19313,0.14514,0.10592,0.078594,0.048566,0.029148,0.020683,0.01757,0.017419,0.018387,0.019606,0.021615,0.023254,0.024149,0.024369,0.023626,0.022429,0.023685,0.033783,0.042563,0.02827,0.011803,0.0065936,0.0053363,0.0046566,0.0041591,0.0037828,0.003403,0.0032093,0.0032841,0.0033496,0.0033695,0.0035313,0.003492,0.0032641,0.0031807,0.0033673,0.0052929,0.010331,0.010988,0.0071996,0.0060492,0.0050102,0.0036026,0.0032486,0.0036433,0.003892,0.0030473,0.0023916,0.0031921,0.0062151,0.006858,0.0042183,0.0026399,0.0023763,0.0024365,0.002429,0.0021628,0.0020455,0.0020001,0.0018403,0.0016398,0.0015473,0.0016354,0.0016275,0.0015328,0.0016291,0.0016781,0.0018563,0.0018433,0.0016659,0.0015598,0.0016392,0.0019494,0.0032829,0.0061721,0.0069172,0.0040849,0.0019731,0.0013182,0.0016051,0.0038301,0.0048276,0.0040315,0.01108,0.012564,0.0037185,0.00086277,0.00089335,0.00084126,0.00099732,0.0017855,0.0027248,0.0055248,0.017216,0.026703,0.02053,0.018718,0.012553,0.0085961,0.014308,0.01285,0.0056027,0.0025319,0.0008969,0.0004128,0.00047429,0.00050463,0.00049027,0.00046726,0.00019671,0.00016489,0.00011884,0.00016394,0.0010653,0.0036152,0.0031478,0.00083857,0.00064429,0.00054047,0.00032243,0.00015332,0.00024866,0.00023927,0.00021014,0.0036677,0.017634,0.017688,0.0038122,0.00057438,0.0006361,0.00085703,0.00021167,0.000015603,0,0.00024999,0.000047577,0.0030654,0.019083,0.032962,0.02224,0.0048187,0.00012836,0.000087781,0,0.000011588,0,0.0000035585,0,0.0004248,0.011228,0.069997,0.082082,0.021604,0.0014511,0.000059004,0,0.000025822,0.000084285,0.0053872,0.028067,0.028284,0.006566,0.00037589,0,0,0,0.000038042,0,0,0.000084793,5.9397e-7,0,0,0,0,0,0,0,0,0.00018282,0.0016186,0.017883,0.030851,0.01254,0.0011499,0.00022583,0.0026975,0.022154,0.051731,0.038465,0.0085343,0.0009846,0.00053828,0,0.00026252,0.00063389,0.012435,0.064255,0.14517,0.12093,0.029948,0.0016277,0.0001354,0,0,0,0,0,0,0,0.000087273,0.00017718,0.0066764,0.02392,0.019462,0.0035286,0,0,0,0,0,0,0,0,0,0,0.0059445,0.034422,0.063037,0.079112,0.048318,0.0093581,9.1331e-7,0,0,0,0,0.0009694,0.014703,0.022862,0.0089883,0.00020555,0,0,0,0,0,0,0,0,0,0,0.000062649,0.0032278,0.0017648,0.0000042521,0,0,0.0006756,0,0,0,0,0,0,0,0,0,0,0,0,0,0,0,0,0,0,0,0,0,0,0,0,0,0,0,0
0.000011115,0.000068154,0.000010974,2.4514e-7,0.000001967,0,0,0,0,0,0,0,0,0,0,0,1.6439e-7,0.000032931,0.000066601,0.000018428,0.000005947,0.000019539,0.000047118,0.00049875,0.0020524,0.0022047,0.00074345,0.00026317,0.00023069,0.000091131,0.000016464,0.000026845,0.000032892,0.000031742,0.00004535,0.000041349,0.000067803,0.000067373,0.00005076,0.000059298,0.000065583,0.000053129,0.000052811,0.000073035,0.000065155,0.000088487,0.00013298,0.000097059,0.00010715,0.00012582,0.00015163,0.00015004,0.00020435,0.0002979,0.0013486,0.0066126,0.0083723,0.003271,0.00060775,0.00026567,0.00019069,0.00019162,0.00023349,0.00022056,0.00017754,0.0002336,0.00026206,0.00026885,0.00026376,0.00017074,0.00017584,0.00018519,0.00018764,0.00020357,0.00019832,0.0001855,0.00017683,0.00014501,0.00017466,0.00017925,0.00017294,0.00018351,0.00018131,0.00012255,0.00013583,0.00014636,0.00014501,0.00016054,0.00014181,0.00013186,0.00014638,0.00015759,0.00020323,0.00019005,0.00017645,0.00019739,0.00020807,0.00018117,0.00014082,0.00019516,0.00027249,0.00034603,0.00043975,0.00063025,0.00090054,0.0012224,0.0015221,0.0016024,0.001502,0.0013206,0.0011772,0.0011063,0.0010022,0.0008555,0.0007729,0.00071134,0.00063909,0.00055918,0.00049862,0.00041225,0.00033483,0.00026931,0.00021242,0.00018564,0.00017951,0.00018053,0.00017413,0.00016993,0.00015858,0.0001203,0.0001416,0.00015408,0.00014975,0.00013298,0.0001241,0.00014434,0.00015122,0.0001611,0.00014851,0.00010892,0.00011684,0.00013592,0.00010802,0.00011224,0.00011116,0.00013259,0.00013892,0.0001471,0.00013905,0.00013704,0.00016321,0.00017491,0.00026193,0.00037918,0.00041027,0.00041902,0.00058494,0.00097804,0.0014726,0.0022662,0.004308,0.0076055,0.0088186,0.0076166,0.0074437,0.010657,0.013266,0.0090671,0.005444,0.0040838,0.003096,0.002294,0.0017487,0.001347,0.0009974,0.00073382,0.00056765,0.00049688,0.00039731,0.00032741,0.00031576,0.00025836,0.00023231,0.00022242,0.00020313,0.00020641,0.0001802,0.00015635,0.00015208,0.00014922,0.00013694,0.00012232,0.0001102,0.00010857,0.00013588,0.00027321,0.0011278,0.0018317,0.0017225,0.0021025,0.0018799,0.00158,0.0017413,0.0019824,0.001976,0.0018733,0.0022298,0.0030149,0.0024851,0.0014842,0.00128,0.0015307,0.0021513,0.0027003,0.0021147,0.0012577,0.001026,0.0010871,0.0013824,0.001822,0.0017842,0.001237,0.00085113,0.00071043,0.00075074,0.00082221,0.0010029,0.001345,0.0020835,0.0042854,0.012826,0.025096,0.02221,0.012574,0.0086514,0.0064514,0.0041218,0.0026156,0.0019072,0.0016387,0.0016424,0.0016742,0.0017361,0.0018947,0.0020592,0.0021577,0.0022143,0.0021096,0.0019807,0.0020724,0.0028877,0.0034214,0.0022037,0.00095885,0.00056381,0.00046753,0.0004507,0.0003586,0.0003357,0.00033885,0.00028744,0.00020972,0.00027245,0.00027667,0.00027233,0.00025958,0.00028023,0.00024957,0.00026427,0.00046842,0.00093044,0.00094166,0.00062998,0.00050327,0.00038272,0.00028542,0.00026278,0.00032263,0.00029922,0.00024389,0.00024428,0.00030737,0.00055541,0.00059958,0.00033058,0.0002519,0.0002143,0.00012924,0.000095614,0.00017827,0.00017019,0.00010277,0.00011515,0.00012619,0.000077192,0.000048012,0.000060506,0.000094214,0.000095075,0.00012824,0.00015726,0.00018769,0.00013183,0.000070857,0.0001888,0.00021459,0.00022444,0.00046893,0.00052415,0.00032125,0.00010287,0.000068493,0.000081483,0.00026794,0.000425,0.00017946,0.000025401,0.000057829,0.000013443,0.0000053652,0.000026718,0.000027156,0.00011483,0.00011135,0.00020506,0.00042156,0.0010035,0.0014735,0.0014957,0.0015811,0.0010156,0.00073166,0.0011486,0.0010485,0.0004066,0.00013335,0.000016775,0,0,0,0,0,0,0,0.0000082727,0.000082201,0.0000053041,0,0.0000069114,0,0.000019607,0.0000059376,0,0,0,0,0,0,0,0,0,0,0,0,0.0000025944,0,0,0,0,0,0,0,0,0,0,0,0,0,0,0,0,0,0,0.00020201,0.00013198,0,0,0,0,0,0,0,0,0,0,0,0,0,0.000024891,0,0,0,0,0,0,0,0,0,0,0,0,0,0,0,0,0,0,0,0,0,0,0,0,0.000051845,0,0,0,0,0,0.000011947,0.00011524,0.00025233,0.00047913,0,0,0,0,0,0,0,0,0,0,0,0,0,0,0,0,0,0,0,0,0,0,0,0,0,0,0,0,0,0.0000326,0,0,0,0,0,0,0,0,0,0,0,0,0,0,0,0.000069294,0.000010672,0,0,0,0,0,0,0,0,0,0,0,0,0,0,0,0,0,0,0,0,0,0,0,0,0,0,0,0,0,0,0,0,0,0,0,0,0,0,0,0
0.000007965,0.000042352,0.000047803,0.000051456,0.00010555,0.0000072178,0,0.000031909,3.1251e-7,0.000013112,0.000038151,0.000043778,0.000026972,0.0000013659,0,0,0.000002043,0.000012728,0.000011856,0.000011675,0.000023188,0.0000047925,0.0000048295,0.00025517,0.0010047,0.0010698,0.00040631,0.00014123,0.000096974,0.00011267,0.00014728,0.00010689,0.000072261,0.00005322,0.000080369,0.000091207,0.00013544,0.00015171,0.00023129,0.00030283,0.0002634,0.00019258,0.00019019,0.00021169,0.00024244,0.00031423,0.00038248,0.00036275,0.00036997,0.00035618,0.00039039,0.00040317,0.00044981,0.00052505,0.0011241,0.0039107,0.004876,0.0021691,0.00071893,0.00057709,0.00053355,0.00054897,0.00059798,0.00063105,0.00059727,0.00056992,0.00062947,0.00067284,0.00068596,0.00059128,0.00058739,0.00063289,0.00065882,0.00067119,0.00064886,0.00063854,0.00065104,0.00061288,0.00061904,0.00062227,0.00059821,0.00057349,0.00053835,0.00056622,0.000566,0.00053498,0.00050454,0.00050317,0.00047932,0.00052075,0.00048248,0.0004558,0.00049393,0.0004726,0.00044197,0.00043381,0.00041569,0.00039297,0.00038326,0.00042223,0.00046294,0.00046639,0.00047614,0.00056974,0.00070987,0.00088161,0.0010659,0.0010886,0.0010332,0.00093436,0.0008171,0.00076673,0.00073454,0.00066117,0.00059947,0.00056846,0.00052632,0.00046447,0.00043159,0.00039114,0.00035555,0.00031601,0.00030238,0.00028102,0.00028964,0.00030929,0.00031161,0.00033401,0.00033002,0.00029809,0.00032556,0.00034511,0.00035946,0.00036534,0.00034276,0.00033756,0.00034275,0.0003507,0.00033001,0.00029437,0.00029798,0.00030916,0.00028438,0.00029402,0.00029383,0.00027605,0.00026618,0.00029154,0.0002472,0.00023188,0.00024455,0.00025223,0.00027528,0.00032382,0.00032147,0.00032274,0.00037674,0.00058619,0.00084975,0.0012542,0.0023268,0.0040506,0.0046973,0.0040459,0.0039123,0.0054885,0.0067929,0.0047188,0.002885,0.0021524,0.0016619,0.0012186,0.00095038,0.0007408,0.00053363,0.00040814,0.00032547,0.00026155,0.00023023,0.0002025,0.0001827,0.00018126,0.00017455,0.00012407,0.00011924,0.00013385,0.00013861,0.00013692,0.00010154,0.00011392,0.00011511,0.000068001,0.000074822,0.000092081,0.00011241,0.00018659,0.00061512,0.00097457,0.00086691,0.0010007,0.00084437,0.00072199,0.00085484,0.0010045,0.001002,0.0009308,0.00094694,0.0012004,0.0010264,0.00065571,0.00058962,0.00066964,0.0008669,0.0010449,0.00082198,0.00048257,0.0004012,0.00045089,0.00055576,0.0006767,0.00062966,0.00043927,0.00030921,0.00026498,0.00027218,0.00029089,0.00037707,0.00049254,0.00072289,0.0014561,0.0042766,0.0082574,0.0073368,0.0041953,0.0029292,0.0022451,0.0014621,0.00095284,0.00077736,0.00071885,0.00073895,0.00079688,0.00080867,0.00085004,0.00089925,0.00091866,0.00090676,0.0008544,0.00075563,0.00070987,0.00095816,0.0011842,0.00075787,0.00031145,0.00021348,0.00021557,0.00018355,0.00015655,0.0001121,0.00013103,0.00010835,0.00010054,0.00011927,0.000080899,0.00010448,0.00015362,0.00016613,0.00013182,0.00012123,0.00015621,0.00034238,0.00033768,0.00023581,0.00023326,0.00017794,0.00015154,0.00022907,0.00018327,0.00013024,0.0001319,0.00010322,0.000096264,0.00021207,0.00024223,0.00014995,0.00012966,0.00011413,0.000068255,0.000059978,0.000098749,0.00014498,0.000073085,0.000054542,0.00006027,0.000013717,0,0,0.0000048476,0.000017173,0.000038007,0.000051714,0.00013126,0.00011512,0.00012247,0.00012988,0.000083667,0.000080408,0.00015208,0.00015783,0.00011933,0.000063934,0.000037624,0,0.00013722,0.0001972,0.00010942,0.0000019677,0.000057863,0.000045169,0.000030861,0.000047842,0.000018213,0.000053583,0.000046819,0.00006888,0.00016672,0.00038336,0.00046396,0.0004861,0.00056935,0.00044844,0.00024896,0.00035979,0.00034648,0.00020968,0.00014334,0.000039229,0.000061769,0.0000042896,0.000057524,0,0.000023329,0.000045807,0.0000095526,0.000045653,0.000044754,0.000091289,0.000034947,0.000020598,0.000042837,0.00013281,0.00009737,0,0,0,0.000044589,0,0.000069671,0.0000070785,0,3.1479e-7,0.000036048,0.000083729,0.000060674,0.000031009,0.000007763,0.000034018,0.000011209,0.0000024595,0,0.000026902,0.00015132,0.000077444,0,0,0.0000036797,0,0,0,0.00003717,0.00005301,0.0001347,0,0.00024329,0.00021208,0,0,0,0.000012534,0.000011511,0,0,0.000054175,0,0.00002922,0.000011298,0.000053331,0.000033286,0.00010878,0.000022816,0.00011976,0.000025332,0,0,0.000020127,5.7108e-7,0,0,0.00000353,0,0,0,0,0,0.00013801,0.000021487,0.00001706,0.0000040768,0,0,0,0.0000070921,0,0.00021265,0.00001648,0,0,0.0000021087,0,0.000058245,0.00015391,0.0001781,0.00045459,0.00002677,0,0,0,0.000050637,0,0,0,0,0,0.00012421,0.0000025312,0.00024445,0.00021187,0,0,0,0.00022348,0.000086018,0,0,0.00026411,0.00022467,0.0000027301,0,0,0.000032065,0.0001323,0,0.00011722,0.000067782,0.000021382,0,0.0001344,0.000072093,0,0.00012555,0,0,0,0,0.000064927,0.00015205,0.00015036,5.8087e-7,0.000099985,0.00023454,0.000012814,0.000031799,0.0000033079,0,0.0000012785,0.00024838,0,0,0,0.000017007,0.00001015,0,0,0.000094224,0.000040863,0.00027381,0.000084881,0.00012918,0.000096725,0,0,0,0,0.000098278,0,0,0,0,0,0.00013916,0.00056209,0.000070773,0,0,0,0.00050834,0.00024268,0,0,0.000077773
0,0,0,0,0,0,0,0,0,0,0,0,0,0,0,0,0,0,0,0,0,0,0,0,0,0,0,0,0,0,0,0,0,0,0,0,0,0,0,0,0,0,0,0,0,0,0,0,0,0,0,0,0,0,0,0,0,0,0,0,0,0,0,0,0,0,0,0,0,0,0,0,0,0,0,0,0,0,0,0,0,0,0,0,0,0,0,0,0,0,0,0,0,0,0,0,0,0,0,0,0,0,0,0,0,0,0,0,0,0,0,0,0,0,0,0,0,0,0,0,0,0,0,0,0,0,0,0,0,0,0,0,0,0,0,0,0,0,0,0,0,0,0,0,0,0,0,0,0,0,0,0,0,0,0,0,0,0,0,0,0,0,0,0,0,0,0,0,0,0,0,0,0,0,0,0,0,0,0,0,0,0,0,0,0,0,0,0,0,0,0,0,0,0,0,0,0,0,0,0,0,0,0,0,0,0,0,0,0,0,0,0,0,0,0,0,0,0,0,0,0,0,0,0,0,0,0,0,0,0,0,0,0,0,0,0,0,0,0,0,0,0,0,0,0.000020474,0.0000083437,0,0,0.0000018856,0,0.000004843,0.000029626,0.000017796,0,0,0,0,0,0,0.00016028,0.00035093,0.00029317,0.00018575,0.000051749,0.0000070312,0.000052366,0.00013356,0.000082531,0.00012389,0.00031204,0.0003525,0.00039463,0.00044383,0.00052578,0.00058396,0.00063107,0.00080887,0.00090083,0.00090922,0.00094531,0.00068125,0.00051695,0.00044127,0.00037748,0.00030347,0.00019118,0.00010819,0,0,0,0,0,0,0,0,0,0,0,0,0,0,0,0,0,0,0,0,0,0,0,0,0,0,0,0,0,0,0,0,0,0,0,0,0,0,0,0,0,0,0,0,0,0,0,0,0,0,0,0,0,0,0,0,0,0,0,0,0,0,0,0,0,0,0,0,0,0,0,0,0,0,0,0,0,0,0,0,0,0,0,0,0,0,0,0,0,0,0,0,0,0,0,0,0,0,0,0,0,0,0,0,0,0,0,0,0,0,0,0,0,0,0,0,0,0,0,0,0,0,0,0,0,0,0,0,0,0,0,0,0,0,0,0,0,0,0,0,0,0,0,0,0,0,0,0,0,0,0,0,0,0,0,0,0,0,0,0,0,0,0,0,0,0,0,0,0,0,0,0,0,0,0,0,0,0,0,0,0,0,0,0,0,0,0,0,0,0,0,0,0,0,0,0,0,0,0,0,0,0,0,0,0,0,0,0,0,0,0,0,0,0,0,0,0,0,0,0,0,0,0,0,0,0,0,0,0,0,0,0,0
0.000029723,0.000075934,0.000045161,0.000054343,0.000099287,0.000014977,0.000023129,0.000064404,0,0,0.000020107,0.000026999,0.0000095773,2.6016e-7,0,0.000025727,0.000051576,0.000032327,0.000028884,0.000043219,0.000064518,0.000072015,0.000026991,0.00012964,0.00058437,0.00063205,0.00025221,0.00012955,0.000053494,0.000028524,0.000090387,0.000093252,0.00009633,0.000093044,0.00011273,0.00010622,0.000091125,0.000055666,0.000070818,0.00012972,0.00010698,0.000082927,0.00013551,0.00015596,0.00013356,0.00018195,0.00021773,0.00013259,0.00012589,0.00017692,0.00020151,0.00020773,0.00030237,0.00033209,0.00065823,0.0024282,0.0030019,0.001347,0.00045593,0.00031482,0.00026364,0.00030099,0.00035229,0.00031749,0.00030573,0.00035302,0.00035457,0.00033094,0.00031216,0.0002643,0.00034837,0.0003882,0.00036606,0.00037926,0.00031243,0.00028301,0.00030261,0.00028806,0.00027685,0.00031511,0.00034616,0.00033548,0.00031329,0.00028011,0.0002731,0.00030948,0.00029247,0.00027834,0.00025822,0.00025406,0.00025567,0.00023939,0.00024701,0.00021779,0.0002562,0.0002816,0.00024481,0.000217,0.00020385,0.00024557,0.00026848,0.00029736,0.00031015,0.00036857,0.00044886,0.00059489,0.0007036,0.00067933,0.00064694,0.00059138,0.00053306,0.00050911,0.00047323,0.00042256,0.00041055,0.00037224,0.00032603,0.00031341,0.00028189,0.00023794,0.00021351,0.00019489,0.00016402,0.00016163,0.00015878,0.00015264,0.00017894,0.0002013,0.00017472,0.00013975,0.00017233,0.00017892,0.0001852,0.00020119,0.00019132,0.00017947,0.00018628,0.00020535,0.0002014,0.00016814,0.00014773,0.00015373,0.00014615,0.00015628,0.00015015,0.00013332,0.00014254,0.00016611,0.00013931,0.00014248,0.00015385,0.00013526,0.00017556,0.00019285,0.00019443,0.00020915,0.00023848,0.00039489,0.00059625,0.00087951,0.0016115,0.0027716,0.0031979,0.0028366,0.002848,0.0039692,0.0048006,0.0032723,0.0019696,0.0014821,0.0011688,0.00085817,0.0006586,0.00052004,0.00036539,0.00026036,0.00022388,0.00021891,0.00016804,0.00011588,0.00012293,0.00011721,0.000095966,0.000087151,0.00010815,0.0001264,0.00011546,0.000085965,0.000071249,0.00006076,0.000066835,0.000080086,0.000078174,0.000076097,0.00011017,0.00015085,0.00041132,0.00061393,0.0005858,0.00069884,0.00060458,0.00052837,0.00064249,0.00073217,0.00074688,0.00068767,0.00071575,0.00092874,0.00082896,0.00054795,0.00044333,0.00050063,0.00065276,0.00083493,0.00066846,0.00039095,0.00035054,0.00032289,0.00041943,0.00057351,0.00054991,0.00037517,0.00027387,0.00020989,0.00021474,0.00021638,0.00030886,0.00039889,0.0005997,0.0012144,0.003556,0.0067897,0.0060008,0.0034619,0.0023706,0.0017977,0.0012007,0.00074801,0.00056809,0.00052248,0.00055079,0.00058365,0.00059178,0.00059365,0.00066183,0.00070811,0.00071879,0.00064627,0.00060294,0.00060234,0.00082381,0.00099443,0.00065795,0.00025785,0.00017673,0.00016855,0.00015878,0.0001413,0.00011604,0.00014207,0.000080245,0.000042398,0.00012152,0.0001218,0.00010737,0.000092166,0.00010724,0.00009667,0.00010343,0.00015832,0.00029187,0.00028525,0.00019131,0.00017563,0.00015143,0.00014787,0.00018829,0.00015102,0.00010409,0.000051162,0.000059029,0.000089685,0.00016011,0.00020893,0.00013471,0.00011838,0.00010072,0.0000423,0.000004249,0.00006208,0.000082732,0.000019023,0.000039775,0.000070893,0.00003893,2.4014e-7,0,0.000010289,0.000041666,0.000072735,0.000084456,0.00013326,0.00009183,0.00011951,0.00013229,0.000080533,0.000048879,0.00012925,0.00012146,0.000079801,0.000024575,0.000019169,0.000053016,0.00011882,0.00019361,0.00013813,0.00010915,0.00018812,0.000050216,0.0000038616,0.000024851,0.000051717,0.00013114,0.00009475,0.000070741,0.0001249,0.00038078,0.00053074,0.00042994,0.00041762,0.00030054,0.00022752,0.0003299,0.0003016,0.00022912,0.00014752,0.0000063555,0.000052246,0.000032119,0.000066085,0.00010916,0.00014746,0.000046075,0.0000054236,0.000041675,0.000036736,0.000047004,0.000064515,0.000060406,0.0000053421,0.00010197,0.000016478,0,0,0.000028192,0.000057658,0,0.000010109,0.00024769,0.00018739,0.000066414,0,0.000006037,0.000075171,0.00012292,0.000023654,0,0.000038022,0.000088659,0.000088059,0.000274,0.00045449,0.00039139,0.000040612,0,0.0000060312,0,0,0.000055672,0,0,0.00002584,0.00027872,0.0011132,0.0011902,0.00029288,0,0,0.000014068,0,0,0.00011257,0.00044591,0.00038293,0.00010869,0.000067326,0.00011459,0.0000039833,0.000086694,0.000058394,0,0.00011279,0.0001811,0.00010908,0,0.00013584,0.000018624,0,0.00013576,0.000073488,0,0,0,0,0.00024582,0.00044838,0.00015152,0.000098381,0,0.0000016866,0.0002358,0.00076165,0.0006308,0.00024582,0,0,0,0,0,0.000098074,0.00075864,0.0019712,0.0019871,0.0004394,0.000018958,0.0000060031,0.000043465,0,0,0,0,0,0,0.00034099,0.0002446,0.00024192,0.00049139,0.00043078,0.00022995,0,0.00022717,0.000014716,0.00004324,0,0.00015676,0.000095639,0,0,0,0.00028161,0.00049809,0.00085848,0.0011741,0.00063268,0.000063366,0.000072358,0.000046307,0.00019348,0,0.00002815,0.00002811,0.00027206,0.00018774,0,0,0.000065826,0.0001545,0.00032335,0.0003756,0.00039279,0.00024037,0,0.000032603,0.000060127,0.00043893,0.000037633,0,0,0,0.000064997,0.00016763,0,0,0.00032088,0,0,0.00022701,0.00038258,0.00025315,0,0,0.0000024788,0.00014076,0.00017008,0.000050421,0,0,0.00018875,0,0,0,0,0.00033722,0.00018156,0,0,0,0,0,0.0001407
0,0,0,0,0,0,0,0,0,0,0,0,0,0,0,0,0,0,0,0,0,0,0,0,0.0016697,0.0017971,0,0,0,0,0,0,0,0,0,0,0,0,0,0,0,0,0,0,0,0,0,0,0,0,0,0,0,0,0.000036389,0.0067311,0.0089426,0.0022639,0,0,0,0,0,0,0,0,0,0,0,0,0,0,0,0,0,0,0,0,0,0,0,0,0,0,0,0,0,0,0,0,0,0,0,0,0,0,0,0,0,0,0,0,0,0,0.000076652,0.00061363,0.0010285,0.0011803,0.0010967,0.00087696,0.00065645,0.00056222,0.00042625,0.00028931,0.00016634,0.000010971,0,0,0,0,0,0,0,0,0,0,0,0,0,0,0,0,0,0,0,0,0,0,0,0,0,0,0,0,0,0,0,0,0,0,0,0,0,0,0,0,0.000010497,0.00048432,0.0012117,0.0024836,0.0055772,0.010502,0.012287,0.010472,0.010338,0.016204,0.021056,0.013611,0.0072885,0.0050603,0.0035902,0.0024756,0.00158,0.00096118,0.00052795,0.00020223,0,0,0,0,0,0,0,0,0,0,0,0,0,0,0,0,0,0,0,0,0.00070652,0.001808,0.0016339,0.0022608,0.0020017,0.0013571,0.001476,0.0018195,0.0017928,0.0016107,0.0022419,0.0036046,0.0028486,0.0012523,0.00073613,0.0011595,0.0024054,0.0032323,0.0021836,0.00085563,0.00057208,0.0006524,0.001129,0.0017486,0.0015487,0.00073253,0.000094689,0,0.000071459,0.00022445,0.00039282,0.00095367,0.0022051,0.0058812,0.020379,0.040931,0.035814,0.019798,0.013239,0.0095032,0.0054168,0.0028849,0.0016507,0.0011655,0.0011486,0.0012656,0.001458,0.0017241,0.0019151,0.0019666,0.0020156,0.0019719,0.0018591,0.0020584,0.0033977,0.0043378,0.0021863,0.00014827,0,0,0,0,0,0,0,0,0,0,0,0,0,0,0,0,0.000013245,0.000048348,0,0,0,0,0,0,0,0,0,0,0,0,0,0,0,0,0,0,0,0,0,0,0,0,0,0,0,0,0,0,0,0,0,0,0,0,0,0,0,0,0,0,0,0,0,0,0,0,0,0,0,0,0,0,0,0,0.000071917,0.00033502,0,0,0,0,0,0,0,0,0,0,0,0,0,0,0,0,0,0,0,0,0,0,0,0,0,0,0,0,0,0,0,0,0,0,0,0,0,0,0,0,0,0,0,0,0,0,0,0,0,0,0,0,0,0,0,0,0,0,0,0,0,0,0,0,0,0,0,0,0,0,0,0,0,0,0,0,0,0,0,0,0,0,0,0,0,0,0,0,0,0,0,0,0,0,0,0,0,0,0,0,0,0,0,0,0,0,0,0,0,0,0,0,0,0,0,0,0,0,0,0,0,0,0,0,0,0,0,0,0,0,0,0,0,0,0,0,0,0,0,0,0,0,0,0,0,0,0,0,0,0,0,0,0,0,0,0,0,0,0,0,0,0,0,0,0,0,0,0,0,0,0,0,0,0,0,0,0,0,0,0,0,0,0,0,0,0,0,0,0,0
0.00025142,0.00038985,0.00037614,0.00022879,0.00021661,0.00021683,0.00021866,0.00013445,0.00008925,0.00016978,0.00021001,0.00026593,0.00023151,0.00021343,0.00021462,0.00016019,0.00021859,0.00029771,0.00030187,0.00035854,0.00038323,0.00038859,0.00054919,0.0022496,0.0071754,0.0072395,0.0025686,0.0012147,0.0010549,0.00060685,0.00052732,0.00061012,0.00064181,0.00057917,0.00054618,0.0007444,0.00094844,0.00090889,0.00080182,0.00086738,0.00093718,0.0007749,0.00076108,0.00091561,0.00094785,0.00084656,0.00097642,0.0010738,0.00098012,0.0010828,0.0010876,0.0011138,0.001286,0.0016223,0.0057864,0.024605,0.029482,0.011041,0.0026106,0.0016324,0.0014409,0.0014156,0.0012972,0.0011953,0.0012141,0.0012063,0.0012878,0.0013264,0.0012922,0.0012969,0.001375,0.001348,0.0012634,0.0012364,0.0011833,0.0011595,0.0011464,0.001186,0.0012669,0.001273,0.0011758,0.0011932,0.0011726,0.001131,0.0011931,0.0011743,0.001167,0.0012104,0.001131,0.0011034,0.00096871,0.0009655,0.0010465,0.0010935,0.0010922,0.0011338,0.0010773,0.0010591,0.0010833,0.0012018,0.0014153,0.0017771,0.0022922,0.0032538,0.0046361,0.0063262,0.007876,0.0083864,0.0078106,0.0067318,0.0059001,0.0055365,0.0050249,0.0044267,0.0039886,0.0035997,0.0031958,0.002848,0.0024984,0.0021481,0.0018253,0.0015675,0.0013699,0.0011861,0.0011065,0.0010721,0.00097472,0.00092898,0.00096623,0.0010112,0.00094678,0.00092175,0.00097578,0.00097585,0.00094213,0.00095416,0.00096412,0.00097343,0.00089046,0.00085663,0.00085944,0.00087423,0.00086588,0.0008915,0.00082439,0.00081608,0.0008311,0.00090616,0.00099484,0.00097587,0.0010196,0.0011351,0.0015738,0.0021874,0.0022384,0.0022846,0.0032257,0.005188,0.0077173,0.011916,0.02282,0.039864,0.045743,0.039781,0.03909,0.054995,0.066397,0.04545,0.028032,0.020976,0.015883,0.011877,0.008942,0.0068285,0.0051509,0.0037883,0.0029107,0.0023998,0.002082,0.0017971,0.0016348,0.0015422,0.0013943,0.0013125,0.0012404,0.0012219,0.0011892,0.0011513,0.0011392,0.0011185,0.00096702,0.00084421,0.00084198,0.00077506,0.00083378,0.0015732,0.0046627,0.0071241,0.0070807,0.0091403,0.0093047,0.0084261,0.0091368,0.010399,0.010334,0.0098704,0.012218,0.016312,0.013387,0.0081408,0.0069532,0.0085591,0.012679,0.015419,0.011486,0.0072195,0.005977,0.0061392,0.0078349,0.010191,0.0097665,0.0069437,0.0048875,0.0042368,0.0045076,0.0051087,0.0060797,0.0081773,0.013267,0.027753,0.077701,0.14017,0.12025,0.069852,0.049303,0.036068,0.022466,0.013952,0.010066,0.0086476,0.0087475,0.0091213,0.0096265,0.010595,0.011494,0.011815,0.011877,0.011434,0.011154,0.012221,0.01654,0.018959,0.012166,0.0055643,0.00324,0.0026848,0.0023828,0.0021211,0.0019662,0.0017703,0.0016453,0.0017187,0.0017774,0.0018214,0.0019062,0.0017635,0.001726,0.0016528,0.0018206,0.002809,0.0050098,0.0051316,0.0036011,0.0030713,0.0025747,0.0019675,0.0017082,0.0017861,0.0018565,0.0015214,0.0013631,0.0018948,0.0031081,0.003037,0.0019377,0.0013092,0.0012279,0.0013975,0.0012281,0.0010142,0.00094398,0.00092081,0.00089694,0.00080096,0.00084176,0.00095879,0.00088081,0.00079434,0.0008174,0.0009096,0.00095955,0.0010141,0.0010028,0.00094815,0.00082856,0.00097502,0.0016912,0.0029254,0.0033494,0.0021129,0.0010947,0.00086193,0.00093744,0.001968,0.0024236,0.0041155,0.015604,0.016659,0.0044287,0.00067932,0.00037819,0.00050277,0.00075508,0.0012848,0.0017735,0.0034368,0.011121,0.015809,0.010579,0.00883,0.0057889,0.0046309,0.0070142,0.0058136,0.0030015,0.0019981,0.0010391,0.000602,0.00030488,0.00027813,0.00022675,0.0004476,0.00032553,0.00031011,0.00035266,0.00027175,0.0014759,0.0049461,0.0039279,0.0010502,0.00044892,0.00030464,0.00014972,0.00032546,0.00031964,0.00029094,0.00047167,0.0038289,0.015492,0.013939,0.0029339,0.00047116,0.00044404,0.00040847,0.00035049,0.00032224,0.00037264,0.00044393,0.00050007,0.004621,0.021964,0.031937,0.018265,0.0036139,0.0005205,0.00046878,0.0004415,0.00029025,0.00024234,0.00043613,0.00057577,0.0011051,0.014607,0.080576,0.085045,0.020529,0.0019241,0.00061222,0.0004939,0.0004011,0.00080033,0.0076761,0.033523,0.030924,0.0061692,0.0005654,0.00030735,0.00033636,0.00041613,0.00029384,0.000058049,0.00035671,0.00044752,0.00049967,0.000078399,0.00013846,0,0.00013231,0.000061787,0.000042914,0.00010266,0.000055651,0.00057105,0.002268,0.018236,0.028395,0.010231,0.00076025,0.00036062,0.0033055,0.022897,0.04505,0.028928,0.0058741,0.00070424,0.0006878,0.00082875,0.00053685,0.0013685,0.011157,0.051183,0.10307,0.077116,0.0172,0.0016858,0.00039037,0.00020352,0,0.0000090947,0.00016464,0,0.0001637,0.00051344,0.0008336,0.00096415,0.010729,0.034798,0.025279,0.004815,0.0005076,0.0003731,0,0.00048678,0.00055909,0.00013619,0.0005435,0.00050172,0.000065164,0.00045369,0.0068131,0.032058,0.053754,0.064527,0.03745,0.0065033,0.00049158,0,0,0.00016304,0.00057484,0.0022963,0.015323,0.021635,0.0078485,0.0012751,0.00049288,0.000088026,0,0.0000027458,0.00047104,0.000097415,0,0.00093875,0.00070727,0.00052788,0.001124,0.0031369,0.0024518,0.00011326,0.0001178,0.0011615,0.0012718,0.0016981,0,0,0,0.00041306,0,0,0.00037973,0.0000261,0,0.000069786,0,0,0,0.0000068318,0.00034216,0,0.00028312,0,0,0.00032961,0.00031148,0,0,0,0.0000097716,0,0
0.000091346,0.00015102,0.00013519,0.00010692,0.000095342,0.000026081,0.000036038,0.000087995,0.000091822,0.00008909,0.000074723,0.00010001,0.000053753,0.000027279,0.000055761,0.000070139,0.000095789,0.000117,0.00011645,0.0001094,0.00016821,0.00017856,0.00022167,0.0016179,0.0059733,0.0062944,0.002207,0.00089033,0.00074142,0.00036954,0.00022206,0.00019251,0.00021459,0.00020238,0.00019609,0.0001845,0.00019812,0.00018254,0.00021285,0.00025379,0.00023922,0.00020788,0.00020133,0.00019658,0.00022153,0.00027367,0.00031566,0.00030599,0.00030048,0.00029526,0.00036403,0.00039456,0.00043778,0.00060619,0.0030444,0.014979,0.018912,0.0072621,0.0012876,0.00058971,0.00047474,0.00044835,0.00044054,0.00040272,0.00037811,0.0003962,0.00037859,0.0003764,0.00034322,0.00026985,0.00030738,0.00032463,0.00029994,0.00029734,0.0002744,0.0003139,0.0003365,0.00032161,0.00029952,0.00030208,0.00029528,0.00029347,0.0002765,0.00027105,0.00027787,0.00030671,0.00030768,0.00026802,0.00025504,0.00030596,0.00030423,0.00025969,0.00027931,0.00026713,0.00027955,0.00030667,0.00029201,0.00028678,0.00032227,0.00040334,0.00054484,0.00072643,0.00098805,0.0014739,0.0020762,0.002705,0.0032635,0.0034069,0.003191,0.0028183,0.0025202,0.002404,0.0022397,0.0019731,0.0017348,0.0015307,0.0013427,0.0012035,0.0010767,0.00090943,0.00076208,0.00064906,0.0005338,0.00042932,0.00037407,0.00033702,0.00032245,0.00031283,0.00027657,0.00025576,0.00026883,0.00024988,0.00025224,0.00025876,0.00025416,0.00025695,0.00027908,0.00029373,0.00026154,0.00020708,0.00019315,0.00020335,0.00022251,0.0002564,0.00025829,0.00024487,0.0002656,0.00031019,0.00030201,0.0003209,0.00037982,0.00044196,0.00061509,0.00085497,0.00090964,0.00094487,0.0013651,0.0022652,0.0033212,0.0051978,0.0098734,0.016969,0.019443,0.017237,0.017508,0.025788,0.032201,0.021471,0.012293,0.0090299,0.0069671,0.0052608,0.0039702,0.0030563,0.0023225,0.0017178,0.0013328,0.0010927,0.00089152,0.00075607,0.00070109,0.00066532,0.00062757,0.0005682,0.00053629,0.00049723,0.00045696,0.00045557,0.00046177,0.00045469,0.00038452,0.00030843,0.00030579,0.00032415,0.00037834,0.00077491,0.0028313,0.0044842,0.0041726,0.0050245,0.0043573,0.0034814,0.0038112,0.0044387,0.0044682,0.0042605,0.005061,0.0068371,0.0056588,0.0034134,0.0029331,0.00348,0.0049479,0.0061517,0.0047375,0.0029016,0.0023923,0.0025126,0.0032314,0.0041668,0.0039702,0.0027936,0.0019685,0.001707,0.0018171,0.0020261,0.0024397,0.0032143,0.0049528,0.010093,0.029338,0.056396,0.049877,0.028495,0.019811,0.014739,0.0093564,0.0058533,0.0042425,0.0036759,0.0036714,0.0038465,0.0040165,0.0042782,0.0045698,0.0046843,0.0047842,0.004732,0.0045219,0.0047913,0.0065665,0.0077701,0.0050066,0.0022335,0.0013756,0.001121,0.0010215,0.00088025,0.00078896,0.00073933,0.00069321,0.00066172,0.00073534,0.00071894,0.00072516,0.00077558,0.00073756,0.00067181,0.0007083,0.0011573,0.0020129,0.0020582,0.0014724,0.0012178,0.00097006,0.000768,0.00073873,0.00079883,0.0008155,0.00065013,0.00052816,0.00074036,0.0012784,0.0013074,0.00080089,0.00058025,0.00052506,0.00044347,0.00039943,0.00047361,0.0004601,0.00039775,0.00036547,0.00033125,0.00033806,0.000308,0.00028807,0.00028086,0.00028479,0.0003322,0.00039182,0.00047666,0.00045116,0.00037748,0.00041771,0.00045965,0.0006535,0.0010866,0.0012077,0.0008362,0.00043712,0.0002794,0.00028162,0.00069226,0.00090234,0.00045593,0.00021003,0.00022956,0.00015445,0.00010856,0.00016997,0.00016019,0.00024655,0.00037215,0.00058069,0.0010489,0.0022064,0.0031797,0.0031769,0.0033912,0.0023145,0.0016737,0.0027051,0.0023446,0.00089,0.00029659,0.00012933,0.000091006,0.00005395,0.00012981,0.000052924,0.000092387,0.000012399,0.0000013018,0.000057579,0.00010597,0.000083718,0.000022996,0.000014772,0.000024789,0.000090713,0.00000997,0,0,0.000022686,0,0,0.000074184,0.00008005,0.000021148,0.000051122,0.00015824,0.000092187,0.00008396,0.000055461,0.0000014525,0.0001113,0.000083074,0.000027877,0,0.00014068,0.00019957,0.00016134,0.000017192,0.000034947,0,0,0,7.3556e-8,0,0,0,0.000067964,0.00041422,0.00036277,0.0000031651,0,0,0,0,0,0,0.0001316,0.000031461,0.00006897,0,0,0,0.00018042,0.00013921,0,0.00006488,0,0,0,0,0,0,0,0,0,0,0,0.00005401,0.00013401,0.00024513,0.00010431,0,0,0,0.000001971,0.000088737,0.000077872,0.000081563,0,0,0.0000011651,0,0,0.00016657,0.00014937,0.00045556,0.00065365,0.000029107,0,0.000010422,0.000058513,0,0.000023637,0,0,0,0,0.000063552,0,0,0.0000080104,0,0,0,0.000097347,0.00012312,0,0,0.000043042,0,0,0,0,0,0.000083248,0.00024431,0.00034341,0.00011925,0,0,0,0,0,0.000025914,4.9693e-8,0,0.00017249,0,0,0,0,0,0,0.000031241,0,0,0,0,0,0,0.000056829,0.00006969,0,0.00009355,0.000010729,0.00024211,0,0,0,0,0.0001284,0.00012849,0.000098266,0,0,0,0,0,0,0,0,0,0,0.00010815,0.00033726,0,0,0,0,0,0,0,0,0.000097001
0.0073714,0.0074352,0.0073479,0.0072937,0.0073584,0.0074423,0.0073642,0.0073376,0.0073514,0.0072867,0.0072206,0.0072302,0.0072488,0.007245,0.0072432,0.0073066,0.0072609,0.007281,0.007399,0.0074568,0.0075008,0.007535,0.0076885,0.011008,0.022173,0.023481,0.013129,0.010285,0.010281,0.0091037,0.0087154,0.00879,0.008957,0.0091735,0.0094008,0.0095566,0.0099014,0.010171,0.010312,0.010572,0.010857,0.011184,0.011526,0.011959,0.012393,0.012745,0.013236,0.01376,0.014285,0.014716,0.015307,0.015887,0.016521,0.018044,0.033301,0.11036,0.14111,0.065838,0.024691,0.019859,0.019095,0.01895,0.018849,0.018983,0.0191,0.019233,0.019469,0.019446,0.019501,0.019633,0.019556,0.01952,0.019667,0.019736,0.019635,0.019621,0.019578,0.019568,0.019567,0.019418,0.019394,0.019404,0.019269,0.019143,0.018991,0.018767,0.01861,0.01825,0.018018,0.017788,0.017503,0.017376,0.017261,0.016906,0.016578,0.016288,0.015936,0.015702,0.015635,0.015845,0.016409,0.017535,0.020072,0.024339,0.030088,0.037188,0.043788,0.046075,0.043545,0.03895,0.035007,0.032832,0.030776,0.028029,0.025549,0.023423,0.021554,0.019865,0.018193,0.016483,0.014986,0.013855,0.013023,0.012271,0.011708,0.011289,0.011087,0.011045,0.011046,0.011194,0.01126,0.011298,0.011283,0.011223,0.011212,0.011115,0.010974,0.010857,0.010646,0.010441,0.010228,0.010013,0.0098373,0.0096507,0.0095524,0.009525,0.0094848,0.0095417,0.0095789,0.0094973,0.0095444,0.0098345,0.011017,0.012978,0.013556,0.013991,0.017501,0.025285,0.035433,0.052434,0.091884,0.13544,0.14811,0.14391,0.14245,0.14874,0.15126,0.14167,0.11658,0.09224,0.071175,0.054129,0.041426,0.032175,0.025202,0.019749,0.01606,0.013752,0.012278,0.011236,0.010398,0.0098165,0.0094237,0.0090932,0.008632,0.0082891,0.0080425,0.0078943,0.0077649,0.0075381,0.0071852,0.0069357,0.006932,0.0069981,0.0072115,0.0092991,0.023084,0.036096,0.03366,0.039208,0.035663,0.030466,0.03401,0.041014,0.042413,0.039606,0.042333,0.05259,0.045644,0.030453,0.026223,0.029094,0.037754,0.044691,0.035965,0.024255,0.020383,0.020345,0.024133,0.030424,0.029734,0.022612,0.01715,0.015368,0.015894,0.017077,0.019213,0.023934,0.033981,0.062448,0.14517,0.2063,0.20522,0.16806,0.13068,0.10126,0.067345,0.045023,0.035261,0.032486,0.033816,0.035813,0.036671,0.038945,0.041179,0.041881,0.041756,0.039455,0.03644,0.036903,0.0479,0.056566,0.03952,0.020802,0.01473,0.013153,0.012322,0.011617,0.011078,0.010731,0.010585,0.010612,0.010754,0.011033,0.011236,0.011299,0.011237,0.011161,0.011489,0.013721,0.0198,0.021061,0.016553,0.01517,0.014066,0.012632,0.012023,0.012473,0.012641,0.011475,0.0105,0.011599,0.015632,0.016355,0.013115,0.011279,0.010867,0.010967,0.010968,0.010683,0.01054,0.010555,0.010522,0.010325,0.010009,0.010016,0.0099821,0.010019,0.010268,0.010744,0.011302,0.011469,0.0111,0.010876,0.010853,0.011249,0.012975,0.016594,0.01784,0.014414,0.011565,0.010701,0.010573,0.013436,0.015113,0.011989,0.01018,0.009915,0.0094164,0.0094481,0.009749,0.009904,0.010295,0.011291,0.012878,0.016132,0.024423,0.032619,0.033478,0.035704,0.027026,0.02138,0.029726,0.027582,0.016178,0.01136,0.010561,0.010436,0.010334,0.010395,0.010601,0.010648,0.010714,0.010817,0.010869,0.010859,0.010944,0.011152,0.011137,0.011229,0.011294,0.011119,0.0113,0.011226,0.011325,0.011557,0.011485,0.011549,0.012143,0.012565,0.012172,0.012284,0.012833,0.012997,0.012627,0.012396,0.012687,0.012772,0.012642,0.012685,0.01381,0.014579,0.014098,0.013401,0.01343,0.013446,0.013378,0.01347,0.013786,0.013876,0.014015,0.014083,0.014612,0.016772,0.017279,0.015542,0.015035,0.015108,0.015349,0.015485,0.015666,0.015944,0.017084,0.017525,0.016992,0.016531,0.016606,0.017059,0.017191,0.017192,0.017585,0.017786,0.017877,0.017824,0.018339,0.018648,0.018755,0.018915,0.01988,0.021017,0.019817,0.01969,0.019919,0.020389,0.021177,0.022048,0.021585,0.021528,0.021801,0.022127,0.022865,0.023881,0.024015,0.023305,0.023422,0.02389,0.023851,0.023941,0.024017,0.025404,0.027644,0.030854,0.029928,0.026776,0.026087,0.026678,0.02671,0.026622,0.026969,0.027653,0.027876,0.028121,0.028289,0.028749,0.028897,0.029219,0.030014,0.029836,0.029881,0.030592,0.031006,0.03123,0.031953,0.032196,0.032001,0.032563,0.032451,0.032927,0.033879,0.034463,0.03667,0.037682,0.039152,0.037908,0.036395,0.03706,0.037533,0.037594,0.038321,0.039283,0.039718,0.041908,0.042893,0.042146,0.042112,0.042068,0.043327,0.044325,0.045108,0.046264,0.046877,0.047482,0.047737,0.0489,0.050193,0.050399,0.05089,0.052728,0.053123,0.053756,0.056959,0.060368,0.060321,0.058749,0.059484,0.060499,0.06084,0.062694,0.063901,0.064688,0.064628,0.066208,0.066673,0.068609,0.069569,0.070304,0.071234,0.071123,0.073088,0.073931,0.07414,0.074997,0.075878,0.07733,0.078414,0.078285,0.080117,0.081897,0.083073,0.084266
0,0,0,0,0,0,0,0,0,0,0,0,0,0,0,0,0,0,0,0,0,0,0,0,0,0,0,0,0,0,0,0,0,0,0,0,0,0,0,0,0,0,0,0,0,0,0,0,0,0,0,0,0,0,0,0.000080648,0.00024714,0,0,0,0,0,0,0,0,0,0,0,0,0,0,0,0,0,0,0,0,0,0,0,0,0,0,0,0,0,0,0,0,0,0,0,0,0,0,0,0,0,0,0,0,0,0,0,0,0,0,0,0.000029834,0.00001962,0.0000042522,0,0,0,0,0,0,0,0,0,0,0,0,0,0,0,0,0,0,0,0,0,0,0,0,0,0,0,0,0,0,0,0,0,0,0,0,0,0,0,0,0,0,0,0,0,2.6315e-7,0.000021953,0.000094021,0.00020428,0.0005946,0.0013055,0.0016838,0.0014473,0.0013385,0.0020641,0.0029167,0.0019556,0.0010069,0.00062051,0.00038023,0.00023537,0.00012102,0.000028922,0,0,0,0,0,0,0,0,0,0,0,0,0,0,0,0,0,0,0,0,0,0,0.000012727,0.0001126,0.000067277,0.00021295,0.000081502,0,0.000017382,0.000031656,0.000033562,0.000068249,0.000039848,0.00015151,0.00014737,0.000014988,0,0,0,0,0.0000078203,0,0,0,0,0,0,0,0,0,0,0,0,0,0,0.00012323,0.00081841,0.0018804,0.0018513,0.00096807,0.00060939,0.0003605,0.000037125,0,0,0,0,0,0,0,0,0,0,0,0,0,0,0,0,0,0,0,0,0,0,0,0,0,0,0,0,0,0,0,0,0,0,0,0,0,0,0,0,0,0,0,0,0,0,0,0,0,0,0,0,0,0,0,0,0,0,0,0,0,0,0,0,0,0,0,0,0,0,0,0,0,0,0,0,0,0,0,0,0,0,0,0,0,0,0,0,0,0,0,0,0,0,0,0,0,0,0,0,0,0,0,0,0,0,0,0,0,0,0,0,0,0,0,0,0,0,0,0,0,0,0,0,0,0,0,0,0,0,0,0,0,0,0,0,0,0,0,0,0,0,0,0,0,0,0,0,0,0,0,0,0,0,0,0,0,0,0,0,0,0,0,0,0,0,0,0,0,0,0,0,0,0,0,0,0,0,0,0,0,0,0,0,0,0,0,0,0,0,0,0,0,0,0,0,0,0,0,0,0,0,0,0,0,0,0,0,0,0,0,0,0,0,0,0,0,0,0,0,0,0,0,0,0,0,0,0,0,0,0,0,0,0,0,0,0,0,0,0,0,0,0,0,0,0,0,0,0,0,0,0,0,0,0,0,0,0,0,0,0,0,0,0,0,0,0,0,0,0,0,0,0,0,0,0,0,0,0,0,0,0,0
0.000021114,0.000063456,0.000027009,0,0.0000026397,0,0,0,0,0,0,0,0,0,0,0,3.9923e-7,0,0,0,0,0,0.000010088,0.00046965,0.0019202,0.0020253,0.00071941,0.00029601,0.00019489,0.00003602,0,0,0.000015711,0,0.0000022051,0.0000063264,0.000016532,0.0000041336,0.00003517,0.000065195,0.000073513,0.000019263,0,0,0,0.000041659,0.000096948,0.00010682,0.000083479,0.000088156,0.00011865,0.00011738,0.00015232,0.00025231,0.0013203,0.0065878,0.0083597,0.0031996,0.0005447,0.00020068,0.00011257,0.00012405,0.00013745,0.00012238,0.000096855,0.00014508,0.00015585,0.00013783,0.00012398,0.000057279,0.000064256,0.000082877,0.000074401,0.00010887,0.000064575,0.000047796,0.000097875,0.00010723,0.000089127,0.000018077,0.000049761,0.000093606,0.000048864,0.000014534,0.000016756,0.000031392,0.000048684,0.000058232,0.000047598,0.00011253,0.000089549,0.000052424,0.000064773,0.000054339,0.00010474,0.00010553,0.000094377,0.000061299,0.000077032,0.00014932,0.00021489,0.00026485,0.00034545,0.00053741,0.00078341,0.0010673,0.0012699,0.0013033,0.0012421,0.0010879,0.00098444,0.00093677,0.00086317,0.00074556,0.00066515,0.00059874,0.00052309,0.00046032,0.00042087,0.00032789,0.00025676,0.00022721,0.00018497,0.00014216,0.0001311,0.00010456,0.00010568,0.00010936,0.000077313,0.000044689,0.000060585,0.000080676,0.000093536,0.00007921,0.000074813,0.000085123,0.00010052,0.00010078,0.000093618,0.000051041,0.000046354,0.000074594,0.000055452,0.000071568,0.000090976,0.000094389,0.000094308,0.00012857,0.000097056,0.0000918,0.00010709,0.00013946,0.00023492,0.00033137,0.00032539,0.0003333,0.00050815,0.00087174,0.0012875,0.0019703,0.0037758,0.0065203,0.0074289,0.0065456,0.0066126,0.0093906,0.011491,0.0077764,0.0045903,0.0034285,0.00265,0.0019995,0.001529,0.0011529,0.00084059,0.00062369,0.0004705,0.00040025,0.00034152,0.00026728,0.00023194,0.00021953,0.00022185,0.00021695,0.0001989,0.00018105,0.00012555,0.00011624,0.00013755,0.00012512,0.00010984,0.000089857,0.000086821,0.000076687,0.00010992,0.00024593,0.0010083,0.0016538,0.0015218,0.0018223,0.0016678,0.0014287,0.0015465,0.0017425,0.0017225,0.0016506,0.0020272,0.0028769,0.0023595,0.0013284,0.0011129,0.0013859,0.0020997,0.0026294,0.0020293,0.0011627,0.00092134,0.00099579,0.0013074,0.0017825,0.0017445,0.0012137,0.0008095,0.00067182,0.00068695,0.00077822,0.00095286,0.0012719,0.0019651,0.0041156,0.012502,0.024487,0.021582,0.012219,0.0084139,0.0062609,0.0039107,0.0023957,0.0016998,0.0014278,0.0014336,0.0014996,0.0015834,0.0017226,0.0018352,0.0018688,0.0019504,0.0019717,0.0018934,0.0019646,0.0027062,0.0033245,0.002108,0.00089948,0.0005542,0.00046054,0.00041448,0.00033183,0.00029374,0.00031104,0.0002466,0.00021947,0.00024536,0.00026944,0.00023235,0.00021772,0.0001986,0.00017828,0.00026979,0.00042465,0.00083202,0.00079226,0.00054591,0.00046538,0.00037215,0.00026149,0.00025529,0.0002701,0.00027112,0.00020903,0.00012889,0.00021108,0.00044785,0.00050365,0.0002759,0.00020295,0.00011512,0.000060961,0.000080023,0.00016074,0.0001223,0.000048831,0.000088902,0.00011153,0.000067127,0.000051955,0.000047432,0.000030788,0,0.000021883,0.00010978,0.00013836,0.000075131,0.000062723,0.000098175,0.000089328,0.00010955,0.00036117,0.00044613,0.00032711,0.00013173,0.000042748,0.000031695,0.00021089,0.00029736,0.00013173,0.000030241,0.000023289,0,0,3.7145e-7,0.000016535,0.000098037,0.00011484,0.00016202,0.00039877,0.00092629,0.0013421,0.0012793,0.0013239,0.00093243,0.00056027,0.00098671,0.00090576,0.00030667,0.00010727,8.5183e-7,0,0,0,0,0,0,0,0,0,0,0,0,0,0,0,0,0,0,0,0,0,0.000049691,0.000031279,0.000028049,0,0,0,0,0,0,0,0,0,0.000048499,0.00023011,0.00010914,0,0,0,0,0,0,0,0,0,0.000083999,0.00068052,0.00070632,0.000085704,0,0,0,0,0,0,0.0001961,0.00024529,0.00016757,0.000062227,0.000026714,0,0.000070602,0,0,0,0,0,0,0,0,0,0,0,0,0,0,0,0.000044841,0.00016634,0,0,0,0,0.000029347,0.00028922,0.00014412,0,0,0,0,0,0,0,0.0003747,0.0012419,0.0013815,0.00027378,0,0,0,0,0,0,0,0,0,0,0,0,0,0,0,0,0,0,0,0,0.000064386,0,0,0,0,0,0.000046045,0.00034242,0.00049573,0.00028609,0,0,0,0,0,0,0,0,0,0,0,0,0,0,0,0,0,0,0,0,0,0,0,0,0,0,0,0,0,0,0,0,0,0,0,0,0,0,0,0,0,0,0,0,0,0,0,0,0,0,0,0,0,0,0,0
0.000004253,0.000053141,0.000016968,0.0000074541,0.00002944,0,0,0.000049805,1.3332e-7,0.000020541,0.000058856,0.000086258,0.000016948,0,0,0,0.00001858,0.000049073,0.00003686,0.00003208,0.000057961,0.000055694,0.000046964,0.00017147,0.00068121,0.00073588,0.00029626,0.00010669,0.000052322,0.00005273,0.000099941,0.000091377,0.000098309,0.000094583,0.000075255,0.000065323,0.00010375,0.000113,0.00011842,0.00017603,0.00019271,0.00017453,0.00016982,0.00017884,0.00019521,0.00020883,0.00025801,0.00029278,0.00031558,0.00029228,0.00031552,0.00028908,0.00033536,0.00043925,0.00087585,0.0030091,0.0037444,0.0017026,0.00061348,0.00044222,0.00045069,0.00049895,0.00049366,0.00048708,0.00050358,0.00052857,0.00052472,0.00055222,0.00056947,0.00050551,0.00053214,0.00055012,0.00058035,0.00060236,0.00053146,0.00048081,0.00051613,0.00049992,0.00044203,0.00045014,0.00047689,0.00048735,0.00044974,0.00041997,0.00044053,0.00043477,0.00040964,0.00036943,0.0003628,0.00041523,0.0004183,0.00041944,0.00039301,0.00032958,0.00038072,0.00039161,0.00038532,0.00036278,0.00034096,0.00038034,0.00042926,0.000434,0.00041975,0.00049099,0.00059274,0.00070673,0.00084124,0.00089169,0.00083356,0.00073075,0.00068342,0.00065853,0.00059182,0.00051293,0.0004727,0.00045157,0.00042088,0.00039338,0.00037031,0.00034554,0.00029194,0.00025415,0.00024333,0.00025549,0.00026601,0.0002493,0.00025551,0.00027759,0.00025868,0.00023324,0.00023845,0.00025409,0.0002636,0.00026673,0.00027148,0.00028528,0.00028867,0.00028493,0.00025985,0.00022974,0.00023071,0.00023773,0.00020999,0.00021888,0.00021639,0.00022302,0.0002079,0.00022395,0.00020886,0.0001638,0.00018379,0.00018539,0.00022469,0.00024879,0.00024021,0.00025722,0.00032115,0.00048869,0.00069054,0.0010277,0.0018824,0.0032259,0.0037334,0.0032214,0.0031142,0.0043337,0.0052725,0.003669,0.0022996,0.0017142,0.0013231,0.00098996,0.00074861,0.00055644,0.00040845,0.00031901,0.00025792,0.00022605,0.00018709,0.00014549,0.00013921,0.00011987,0.00010535,0.000075678,0.000098693,0.00012674,0.00010582,0.000066915,0.000036588,0.000040377,0.00005458,0.000071579,0.000061953,0.000035851,0.000062117,0.00012448,0.00044914,0.0007211,0.00064896,0.0007601,0.00064131,0.00055534,0.00065143,0.00074549,0.00076155,0.00071415,0.00075666,0.00094676,0.00079315,0.00051954,0.00045119,0.0005127,0.00068561,0.00083056,0.00064632,0.00035804,0.00030047,0.0003134,0.00041511,0.00054371,0.000534,0.00036718,0.00027162,0.00021872,0.00021469,0.00022673,0.00028136,0.00036465,0.00055094,0.0011341,0.0033217,0.006379,0.0056722,0.0033089,0.0023095,0.0017488,0.0011541,0.00078339,0.00059857,0.00052192,0.00057396,0.00061357,0.00061028,0.00063549,0.00071681,0.0007256,0.00071129,0.00070085,0.00062025,0.00057975,0.00075117,0.00090459,0.00059933,0.00026133,0.00018104,0.00017332,0.00020385,0.0001637,0.00014074,0.0001408,0.00013123,0.000080239,0.000097424,0.000078409,0.000091422,0.00013407,0.00011581,0.000066393,0.00008971,0.00015084,0.00031755,0.00031685,0.00019319,0.00016576,0.00013359,0.00010361,0.00011192,0.00014306,0.00010944,0.00010293,0.00012257,0.000098342,0.00017703,0.00020379,0.000097668,0.00012231,0.000063311,0.000035833,0.000035831,0.000060366,0.000066914,0.0000189,0,0.000024267,0.00005632,0.000064258,0.000035157,0.000038667,7.8146e-7,0.000019097,0.000087578,0.00011591,0.000040801,0.00005678,0.00011831,0.00007023,0.000063672,0.00011766,0.00013228,0.00012602,0.000081469,0.000095146,0.000076092,0.00011817,0.00011079,0.000051587,0.0000081012,0.000035697,0.0000045056,0.000025641,0.000043893,0,0.000054785,0.0000026475,0.000079736,0.00018175,0.00035563,0.00043135,0.00040178,0.0004102,0.00028311,0.00021896,0.00028409,0.00025091,0.00014975,0.000091385,0.000015553,0,0.0000088449,0.000085882,0.000065198,0.000046772,0,0,0,0.000043732,0.000061289,0,0.000048379,0.000082875,0.000072766,0,0,0,0,0,0,0.000063178,0.000043768,0.0000043115,0,0.00001044,0,0.000029313,0.000086822,0.0000024369,0.000037943,0.000056672,0.000019729,0,0.00012223,0.00021486,0.0002249,0.000036064,0,0.000027017,0,0,0,0,0,0.000070755,0.000093071,0.00048187,0.00047215,0.00013864,0,1.3207e-7,0.0000012638,0,0,0.000051243,0.00023161,0.00012424,0.00011956,0.000091012,0.000080834,0.000012893,0.00023576,0.000093191,0.000021013,0.000035507,0,0.000055456,0,1.0726e-7,0,0,0.00004078,0.000052775,0.000034392,0,0,0,0.00024832,0.00016259,0.000023907,0.00021097,0,0,0.000068436,0.00011417,0.00010466,0.00011472,0.000094001,0,0,7.8847e-7,0,0.00018422,0.000092625,0.00062306,0.00079488,0.00020741,0.000034734,0.00011078,0.00011416,0.000091306,0.00011935,0,0,0,0,0.00022094,0.00015422,0.000042934,0.000038818,0.00001844,0,0,0.00020583,0.00025276,0.00019957,0,0,0.000092564,0,5.8636e-8,0,0,0.00028861,0.00013142,0.00041591,0.0001655,0,0,0,0,0,0.00026312,0.000015126,0,0.000060614,0,0,0.000043262,0.00022348,0.000019799,7.357e-7,0.00017014,0.00015622,0.00013994,0.00024545,0.000017766,0.000074058,0.00011651,0,0,0.00010423,0.000026729,0,0,0,0.00052136,0,0.00005799,0.00017299,0,0.00033619,0.0000070851,0,0.00033032,0.000056884,0,0,0,0.00029222,0,0,0.000087245,0.000087542,0.00063637,0.00033213,0,0,0.00056652,0,0,0,0
0,0,0,0,0,0,0,0,0,0,0,0,0,0,0,0,0.000022868,3.6737e-7,0,0,0,0,0,0.00019241,0.0010213,0.0011056,0.00035867,0.00011048,0.000036561,0.000012395,0.000036674,0.000017783,0.000015759,0.000075878,0.00012318,0.00012197,0.00012133,0.00013616,0.00016655,0.00021732,0.00026116,0.00029825,0.00030045,0.00031398,0.0003501,0.00038042,0.00044947,0.00049933,0.00051686,0.00053597,0.00055014,0.00054761,0.00065007,0.00076188,0.0013539,0.0044334,0.0055324,0.0025648,0.0010091,0.00082131,0.00083551,0.0008626,0.00088005,0.00089469,0.00088462,0.00092304,0.00097877,0.00099446,0.00096731,0.00093112,0.00096405,0.00096748,0.00096687,0.00091683,0.00085926,0.00091074,0.00091816,0.00085621,0.00085484,0.00086215,0.00087224,0.00087494,0.0008505,0.00082885,0.00082331,0.00081335,0.00075296,0.00071101,0.00070578,0.00074068,0.00075349,0.00069012,0.00064957,0.00067229,0.00065365,0.00060906,0.00062659,0.0005909,0.00056871,0.00061704,0.00066879,0.00064781,0.00065464,0.00077548,0.00093973,0.0011385,0.0013105,0.0013246,0.0012515,0.0011413,0.0010436,0.00099405,0.00091684,0.00080312,0.00074628,0.00071929,0.00063172,0.00058544,0.00058005,0.00055432,0.00051491,0.00047392,0.00043011,0.00041732,0.00041867,0.0004262,0.00046418,0.00049163,0.00048191,0.00047045,0.00051328,0.00053364,0.00052734,0.00053022,0.00053074,0.00053816,0.00053825,0.00054657,0.00053936,0.00049656,0.00046679,0.00047305,0.00041489,0.0003951,0.00039358,0.00039238,0.00038712,0.00038644,0.00036714,0.00034832,0.00035027,0.00034859,0.00037002,0.00040177,0.00040716,0.00041258,0.00049723,0.00072298,0.0010072,0.0014957,0.0027442,0.0047374,0.0055083,0.0047806,0.0046197,0.0067563,0.0085414,0.0057998,0.0034488,0.002556,0.0019447,0.001424,0.0011076,0.00084206,0.00058912,0.00043263,0.0003295,0.0002872,0.00025329,0.00018417,0.00016188,0.0001623,0.00015567,0.00013807,0.00011152,0.000097811,0.000071731,0.000059513,0.000062912,0.000066838,0.000059715,0.000046851,0.000016665,0.000037747,0.00006912,0.00014568,0.00063712,0.0010816,0.00098762,0.0011279,0.00087215,0.00071515,0.00087359,0.001081,0.0010924,0.00099744,0.0010529,0.0012779,0.0010632,0.00068234,0.00057216,0.00066825,0.00085666,0.0010455,0.00083092,0.00045628,0.00035621,0.0003926,0.00048553,0.00063528,0.00058638,0.00040157,0.00026291,0.00022177,0.00023219,0.00022573,0.00029577,0.00044813,0.00068646,0.0014457,0.0043061,0.0083753,0.007437,0.004244,0.0029234,0.0022517,0.0015091,0.00096857,0.00073378,0.00068985,0.0007358,0.00079037,0.00081619,0.00086421,0.00092748,0.00089967,0.0009045,0.00085323,0.00072314,0.00070015,0.00091509,0.001133,0.00070935,0.00024934,0.0001485,0.00014675,0.00016142,0.00010449,0.00006219,0.000075282,0.000051664,0.00001978,0.00009788,0.000058663,0.000058012,0.000064065,0.000084378,0.000061565,0.000094603,0.00014956,0.00026432,0.00025999,0.00017216,0.0001406,0.000091562,0.000091385,0.000098686,0.00013018,0.000096796,0.000084668,0.000020865,0.000020692,0.00011177,0.00012054,0.000035227,0.000045998,0.0000095501,0,0,0,0.0000099881,0,0,7.3459e-7,0,0,0,0.000005163,0,0,0,0.000017097,1.91e-7,0,0.000030754,0.00004098,0.0000078948,0.00004401,0.000055764,0.0000097196,0,0,0,0.000004954,0.000011151,0,0,0,0,0,0,0,0,0,0.000020898,0.00013858,0.00026685,0.00036773,0.00038841,0.00044296,0.00028806,0.00011375,0.00017427,0.00021331,0.000050874,0,0,0,0,0,0,0,0,0,0,0,0,0,0,0,0,0,0,0,0,0,0,0,0,0,0,0,0,0,0,0,0,0,0,0,0,0,0,0,0,0,0,0,0,0,0,0,0,0.000034276,0.00001792,0,0,0,0,0,0,0,0,0,0,0,0,0,0,0,0,0,0,0,0,0,0,0,0,0,0,0,0,0,0,0,0,0,0,0,0,0,0,0,0,0,0,0,0,0,0,0,0.00012818,0.0000053114,0,0,0,0,0,0,0,0,0,0,0,0,0,0,0,0,0,0,0,0,0,0,0,0,0,0,0,0,0,0,0,0,0,0,0,0,0,0,0,0,0,0,0,0,0,0,0,0,0,0,0,0,0,0,0,0,0,0,0,0,0,0,0,0,0,0,0,0,0,0,0,0,0,0,0,0,0,0,0,0,0,0,0,0,0,0
0,0,0,0,0,0,0,0,0,0,0,0,0,0,0,0,0,0,0,0,0,0,0,0.000025585,0.00033637,0.00036661,0.000055656,0,0,0,0,0,0,0,0,0,0,0,0,0,0,0,0,0,0,0,0,0,0,0,0,0,0,0,0.00013454,0.0011276,0.0014812,0.00055022,0.000021593,0,0,0,0,0,0,0.000015152,0.0000049991,0,0,0,0,0,0.0000020525,0,0,0,0,0,0,0,0,0,0,0,0,0,0,0,0,0.0000033494,0.0000020318,0,0,0,0,0,0,0,0,0.000033462,0.000074088,0.000078046,0.000075225,0.00012294,0.00021752,0.00034196,0.00042714,0.00043494,0.00041781,0.00035602,0.00031979,0.00030281,0.000275,0.00021891,0.00018847,0.00018122,0.00014721,0.00010728,0.00011058,0.000073944,0.000055076,0.000055113,0.00002725,0.0000012122,0.0000063103,0.000001361,0.000010853,0.000034416,0.0000052742,0,0.000017826,0.000021518,0.000008076,0,0,0.000013206,0.000040488,0.000043371,0.000018595,0,0,0,0,0.0000048163,0.0000091814,0.0000024575,0.000017772,0.000024954,0,3.079e-7,0.000040242,0.000043356,0.000073197,0.00010577,0.000088068,0.000080557,0.00011964,0.00026555,0.00042524,0.00070083,0.0013558,0.002354,0.0027637,0.0023967,0.0023577,0.0033302,0.0040989,0.0028492,0.0017407,0.0013202,0.00099553,0.00070486,0.00051491,0.00037985,0.00025738,0.00016687,0.00013246,0.00012831,0.00010722,0.000061969,0.000064258,0.000049145,0.000037315,0.000024975,0.000021522,0.000050902,0.000018591,0,0,0,0,0,0.000023631,0.0000046429,0,0.000046822,0.00026357,0.00044332,0.00044364,0.00058791,0.0005576,0.0004981,0.00057308,0.00064196,0.00059563,0.0006029,0.00074497,0.0010104,0.00082428,0.00048878,0.00039002,0.00051356,0.00077169,0.00094136,0.00076072,0.0004561,0.00036033,0.00037156,0.00048165,0.00064938,0.00059444,0.00039196,0.00026273,0.00022795,0.0002505,0.00028281,0.00036451,0.00050808,0.00085104,0.0017797,0.0047295,0.0086052,0.007586,0.0044325,0.0030905,0.0023053,0.0014901,0.00091426,0.00065826,0.00053172,0.00052297,0.00055794,0.00058347,0.00060644,0.00067538,0.00071163,0.00073454,0.00071099,0.00066481,0.00074515,0.00099671,0.0011418,0.00072138,0.0003048,0.0001905,0.00017183,0.00014089,0.000075831,0.000013712,1.8229e-7,9.426e-7,0,0.0000164,0,0.000025321,0.000043486,0.000044889,0,0.000049868,0.00010993,0.00024973,0.00025707,0.00018858,0.00016085,0.000070379,0.000046353,0.00004411,0.000048188,0.0000032273,0.000023968,0.000021891,0.000011766,0.000090759,0.00013054,0.000028472,0.00002854,0.0000016433,0,0,0.000010497,0,0,0,0,0,0,0,0,0,0,0,0.000032143,3.5484e-7,0,0.000045764,0.0000073952,0,0.000015979,0.000070194,0.000016485,0,0,0,0.000012888,0.00006192,0.0000060925,0,0,0,0,0,0,0,0,0,0.000079733,0.00029255,0.00041462,0.00039155,0.00046553,0.00031351,0.00019904,0.0002247,0.00026062,0.000078634,0.000007694,0,0,0,0,0,0,0,0,0,0,0,0,0,0,0,0,0,0,0,0,0,0,0,0,0,0,0,0,0,0,0,0,0,0,0,0,0,0,0,0,0,0,0,0,0,0,0,0,0,0,0,0,0,0,0,0,0,0,0,0,0,0,0,0.000029318,0,0,0,0,0,0,0,0,0,0,0,0,0,0,0,0,0,0,0,0,0,0,0,0,0,0,0,0,0,0,0,0,0,0,0,0,0,0,0,0,0,0,0,0,0,0,0,0,0,0,0,0,0,0,0,0,0,0,0,0,0,0,0,0,0,0,0,0,0,0,0,0,0,0,0,0,0,0,0,0,0,0,0,0,0,0,0,0,0,0,0,0,0,0,0,0,0,0,0,0,0,0,0,0,0,0,0,0,0,0,0,0,0,0,0,0,0,0,0,0
0.00012181,0.0002704,0.00022386,0.000099716,0.000034632,0.000045388,0.00011598,0.00010337,0.000067131,0.0000037384,0,0.000018047,0.000046382,0,0.000028032,0.00001726,0.0000028178,0.000071566,0.000075167,0.000052157,0.000084804,0.00014152,0.00035608,0.0026785,0.010205,0.010994,0.0037893,0.0014241,0.0013363,0.00069049,0.00046028,0.000598,0.00068388,0.00070563,0.0007657,0.00096365,0.0011548,0.0011525,0.0012272,0.0014483,0.0016006,0.0016937,0.0017323,0.0018637,0.0020368,0.0021589,0.002355,0.0024647,0.0025601,0.0026832,0.0029124,0.0031328,0.0034034,0.0039133,0.0088042,0.034451,0.044429,0.019531,0.0062902,0.0048985,0.0047893,0.004814,0.0049196,0.0049408,0.0050295,0.0050957,0.0051056,0.0051993,0.0052087,0.0052361,0.0052932,0.0053883,0.0054238,0.0054006,0.005393,0.005319,0.0051912,0.0052955,0.0054587,0.0052668,0.0051334,0.0051673,0.0051558,0.005026,0.0048991,0.004876,0.0047476,0.0045707,0.0044509,0.0043965,0.0042757,0.0042474,0.0041442,0.0040737,0.0040262,0.0038945,0.0038577,0.0037817,0.0036614,0.0037391,0.00393,0.0042826,0.0050527,0.0064383,0.0083092,0.010616,0.012864,0.013548,0.012595,0.010961,0.0096687,0.0090062,0.0083068,0.0075568,0.0068633,0.0061228,0.0055455,0.0051108,0.0046773,0.0042223,0.0037673,0.0033847,0.0031744,0.0030499,0.0028964,0.0028318,0.0028685,0.0029202,0.0030589,0.0031781,0.0032395,0.0033351,0.0033982,0.0034301,0.0034259,0.0033619,0.0033297,0.0032455,0.0031162,0.0030334,0.0030044,0.0029026,0.002747,0.0026784,0.0026375,0.0025053,0.0024601,0.0024664,0.0024606,0.0024254,0.0023575,0.002372,0.0027266,0.0033603,0.003472,0.003547,0.0045838,0.0069733,0.010166,0.01561,0.029944,0.05415,0.063893,0.054931,0.0519,0.068441,0.083978,0.061105,0.03865,0.028997,0.021796,0.016224,0.012163,0.009185,0.0068925,0.0050345,0.0038388,0.0031417,0.0026554,0.0022737,0.0020036,0.00188,0.0017889,0.0016449,0.0014722,0.0012815,0.0012006,0.0012456,0.0011048,0.0010548,0.00094667,0.00084961,0.00084149,0.00081873,0.00087284,0.0013794,0.00454,0.0076253,0.0071831,0.0088746,0.0092637,0.0088974,0.010175,0.012514,0.012859,0.011644,0.012602,0.016879,0.014639,0.0087418,0.0070956,0.0081367,0.01151,0.014532,0.011248,0.0066841,0.0051953,0.005111,0.0064831,0.009127,0.0091572,0.0062842,0.0041803,0.0035483,0.0036206,0.0039401,0.0046593,0.0060666,0.0091941,0.019073,0.061035,0.12705,0.11576,0.06463,0.0442,0.033067,0.020884,0.01289,0.0094177,0.0084936,0.0088818,0.0094601,0.009798,0.010729,0.011592,0.011876,0.011729,0.01103,0.010006,0.010192,0.014169,0.017526,0.011676,0.0049709,0.0028202,0.0022278,0.0019189,0.0017425,0.0015044,0.0014679,0.0013825,0.0013273,0.0013701,0.0014411,0.0016069,0.0016146,0.0014725,0.0014848,0.0016319,0.0023955,0.004396,0.0047814,0.0031636,0.0026424,0.0023395,0.0017266,0.0016238,0.0018103,0.0018082,0.0014036,0.0010609,0.0012756,0.002548,0.0029227,0.0018968,0.001181,0.0011218,0.0012027,0.0011471,0.0010011,0.00097885,0.00089548,0.00088312,0.00079102,0.00074266,0.00081717,0.00075136,0.00061799,0.00069906,0.00068284,0.00085401,0.00085131,0.0007797,0.00071312,0.00078349,0.00092195,0.0014564,0.0026392,0.0029015,0.0015762,0.0006463,0.00038948,0.00048583,0.00143,0.0018555,0.0017421,0.0055948,0.0064996,0.0018588,0.0002873,0.000224,0.00006536,0.00016129,0.0005734,0.001076,0.0023186,0.0077685,0.01208,0.0088052,0.0076969,0.0051065,0.0033012,0.0057418,0.0052169,0.0024418,0.0010768,0.00023228,0,0,0.0000035625,0.00011732,0.0000053616,0,0,0,0,0.00043513,0.0016572,0.0014096,0.00010213,0.00011356,0.000019054,0,0,0.000021599,0.000015049,0,0.0015127,0.0090209,0.0091185,0.0018923,0.00020927,0.00012513,0.0000087471,0,0,0,0,0,0.0013788,0.0099507,0.017217,0.011721,0.002277,0.000002855,0,0,0,0,0,0,0,0.0059196,0.03777,0.044666,0.011485,0.00078366,0,0,0,0,0.0025483,0.014796,0.015203,0.0033998,0.000016985,0,0,0,0,0,0,0,0,0,0,0,0,0,0,0,0,0,0.00033152,0.009242,0.016262,0.0063102,0.0001595,0,0.00090108,0.011867,0.028774,0.02151,0.0042744,0,0,0,0,0.000014541,0.0062449,0.034262,0.078963,0.06615,0.015971,0.00045633,0,0,0,0,0,0,0,0,0,0,0.0029406,0.012803,0.010059,0.0012771,0,0,0,0,0,0,0,0,0,0,0.00249,0.01816,0.033419,0.042217,0.025631,0.0041061,0,0,0,0,0,0,0.0073461,0.011047,0.0035321,0,0,0,0,0,0,0,0,0,0,0,0,0.001652,0.00083764,0.0000011339,0,0,0.000031494,0,0,0,0,0,0,0,0,0,0,0,0,0,0,0,0,0,0,0,0,0,0,0,0,0,0,0,0
0,0,0,0,0,0,0,0,0,0,0,0,0,0,0,0,0,0,0,0,0,0,0,0,0.0013904,0.0015156,0.0000073541,0,0,0,0,0,0,0,0,0,0,0,0,0,0,0,0,0,0,0,0,0,0,0,0,0,0,0,0.00034923,0.0059407,0.0077109,0.002196,0,0,0,0,0,0,0,0,0,0,0,0,0,0,0,0,0,0,0,0,0,0,0,0,0,0,0,0,0,0,0,0,0,0,0,0,0,0,0,0,0,0,0,0,0,0.0000043008,0.00030494,0.00072769,0.0010768,0.0011303,0.0010363,0.00087264,0.00069231,0.00054549,0.00048804,0.00040247,0.00028997,0.00018754,0.00010313,0.000016428,0,0,0,0,0,0,0,0,0,0,0,0,0,0,0,0,0,0,0,0,0,0,0,0,0,0,0,0,0,0,0,0,0,0,0,0,0,0,0.00013213,0.00056123,0.0011308,0.002126,0.0043561,0.0078716,0.0093499,0.0081774,0.0080235,0.012195,0.015763,0.010423,0.0057623,0.0040349,0.0028941,0.001966,0.0012874,0.00086543,0.00052772,0.00019296,0,0,0,0,0,0,0,0,0,0,0,0,0,0,0,0,0,0,0,0,0.00061076,0.0014884,0.0013621,0.0018579,0.0014924,0.00092591,0.0010457,0.0013845,0.0014659,0.0013322,0.0017057,0.0025072,0.0019705,0.00093821,0.00064839,0.00092336,0.0016783,0.0021848,0.0014609,0.00062064,0.00039101,0.00039063,0.00072473,0.001123,0.001049,0.00054281,0.00015342,0.000059501,0.00016967,0.00023763,0.00037023,0.0008244,0.0017874,0.004422,0.013596,0.026386,0.023553,0.013217,0.0088631,0.00637,0.0038201,0.0020766,0.0012873,0.0010218,0.00096945,0.0010092,0.001099,0.0012256,0.0013253,0.0014028,0.0014107,0.0012919,0.0012,0.0014099,0.0022552,0.0027874,0.0013729,0.000033562,0,0,0,0,0,0,0,0,0,0,0,0,0,0,0,0,0,0,0,0,0,0,0,0,0,0,0,0,0,0,0,0,0,0,0,0,0,0,0,0,0,0,0,0,0,0,0,0,0,0,0,0,0,0,0,0,0,0,0,0,0,0,0,0,0,0,0,0,0,0,0,0,0,0,0,4.7494e-7,0,0,0,0,0,0,0,0,0,0,0,0,0,0,0,0,0,0,0,0,0,0,0,0,0,0,0,0,0,0,0,0,0,0,0,0,0,0,0,0,0,0,0,0,0,0,0,0,0,0,0,0,0,0,0,0,0,0,0,0,0,0,0,0,0,0,0,0,0,0,0,0,0,0,0,0,0,0,0,0,0,0,0,0,0,0,0,0,0,0,0,0,0,0,0,0,0,0,0,0,0,0,0,0,0,0,0,0,0,0,0,0,0,0,0,0,0,0,0,0,0,0,0,0,0,0,0,0,0,0,0,0,0,0,0,0,0,0,0,0,0,0,0,0,0,0,0,0,0,0,0,0,0,0,0,0,0,0,0,0,0,0,0,0,0,0,0,0,0,0,0,0,0,0,0,0,0,0,0,0,0,0,0,0,0,0,0,0,0,0
0,0,0,0.0000052308,0,0,0,0,0,0,0,0,0,0,0,0,0,0.0000058894,0,0,0,0,0,0,0,0,0,0,0,0,0,0,0,0,0,0,0,0,0,0,4.39e-7,0,0,0,0,0,0,0,0,0,0,0,0,0,0,0.000020169,0,0,0,0,0,0,0.000033027,0,0,0,0,0,0,0.000033998,0,0,0,0,0,0,0,0,0,0,0,0,0,0,0,2.3524e-7,0,0,0,0,0,0,0,0,0,0,0,0,0,0,0,0,0,0,0,0,0,0,0,0.000020425,0.000015638,0,0,0,0,0,0,0,0,0,0,0,0,0,0,0,0,0,0,0,0,0,0,0.000016521,0,0,0,0,0,0,0,0,0,0,6.144e-7,0,0.000017863,0,0,0,0.0000051794,0.000026972,0.000058774,0.000094172,0.000092539,0.00007939,0.00010924,0.00019707,0.00032053,0.00052392,0.0010038,0.0018642,0.0022836,0.0020281,0.002052,0.0031539,0.0041632,0.0029341,0.001714,0.0013138,0.001015,0.00076956,0.00065795,0.00047477,0.00034857,0.00025907,0.00014342,0.000088234,0.000052909,0.00011463,0.00015147,0.000088105,0.000082895,0.000053218,0.000046334,0.000032109,8.3305e-7,0.000067754,0.000065782,0.000037542,0.000077129,0.000086329,0.000030652,0.000026683,0.0000050084,0.000034529,0.00039844,0.00080915,0.00078061,0.00095386,0.00079694,0.00060492,0.00063719,0.00079424,0.0007688,0.00076771,0.00087047,0.0011001,0.00097466,0.00062243,0.00054319,0.00054493,0.00081466,0.00097107,0.00074473,0.00052161,0.00036439,0.00038679,0.00048583,0.00059557,0.00063353,0.00048977,0.00032167,0.00023259,0.00019326,0.00018374,0.00036917,0.00055012,0.00083942,0.001683,0.0047643,0.0094271,0.0086861,0.0050296,0.0034157,0.0025825,0.0016494,0.0010214,0.00077077,0.00063353,0.00064027,0.00070599,0.00064771,0.00075429,0.00084846,0.00087049,0.00087345,0.00077867,0.00071912,0.00078945,0.001227,0.0014215,0.00088891,0.00041453,0.00029913,0.00022207,0.00015007,0.00016826,0.00015146,0.00014781,0.00010783,0.000048876,0.000038383,0.000034016,0.00014191,0.000078455,0.00001311,0,0.000059395,0.00020782,0.00032545,0.00031759,0.00019922,0.00015755,0.000081278,0,0.000031944,0.000052861,0.000063031,0.000031534,0,0.00009579,0.00022393,0.00016788,0.00012875,0.000033708,0,0,0.000077993,1.8323e-7,0,0,0.000049139,0.0000014419,0,0,0,0,2.0038e-7,0,0,0.0000029986,0,0,0,0.000028025,0.00014484,0.000026721,0.00009275,0.0001527,0.00012253,0.000047773,0,0.000005907,0.000057103,0.000044503,0.00013164,0,0,0,0,0,0,0,0,0.00007483,0.00029973,0.00038076,0.00037425,0.00036255,0.00032512,0.00035556,0.0004461,0.00015483,0,0,0,0,0,0,0,0,0,0,0.00007474,0,0,0,0,0,0,0,0,0,0,0,0,0.000079221,0.0000054826,0,0,0,0,0,0,0,0,0,0,0.000013303,0,0,0,0,0,0,0,0,0,0,0,0,0,0,0,0,0,0,3.9893e-7,0,0,0,0,0,0,0,0,0,0,0,0,0,0,0,0,0,0,0,0,0,0,0,0,0,0,0,0,0,0,0,0,0,0,0,0,0,0.0000037147,0,0,0,0.00001784,0.000020145,0,0,0,0,0,0,0,0,0,0,0,0,0.0000062067,0,0.00036299,0.00019294,0,0,0,0,0,0,0,0,0,0,0.00022148,0,0,0,0,0,0,0.000018051,0,0,0,8.3666e-7,0,0,0,0.0000050464,0,0,0,0,0.00002883,0,0,0,0,0,0,0,0,0,0.00002451,0,0,0,0,0,0,0,0,0,0,0,0,0,0,0,0,0,0,0,0,0,0,0,0,0,0,0,0,0,0,0
0.0007599,0.00082058,0.00066265,0.00042995,0.00034754,0.00051716,0.00058218,0.00049909,0.00033844,0.00026306,0.00031103,0.00038397,0.00034514,0.00026454,0.00029491,0.00029778,0.0002871,0.00032219,0.00032884,0.00047933,0.00063799,0.00076403,0.0010767,0.0094993,0.03828,0.041353,0.013918,0.0051449,0.004548,0.0020715,0.00097193,0.0009181,0.00089296,0.0008206,0.00077115,0.00081259,0.0009333,0.00093458,0.00087941,0.00073721,0.00076495,0.00092598,0.00092655,0.00092477,0.00095289,0.0010443,0.0011482,0.0011466,0.0012452,0.001282,0.0013529,0.0015674,0.0019501,0.0027902,0.015867,0.087051,0.1162,0.045962,0.0075112,0.0030596,0.0021495,0.0017578,0.0016372,0.00152,0.0014454,0.0014358,0.0014264,0.0013019,0.0010878,0.0011802,0.0012556,0.0011649,0.0011236,0.0010693,0.0010492,0.0010609,0.0010144,0.00096804,0.00098627,0.001007,0.0010221,0.0010459,0.0010644,0.00098685,0.00096901,0.0010185,0.0010584,0.0012286,0.0012101,0.00096411,0.00087856,0.0010253,0.0010889,0.0011289,0.00121,0.0011327,0.0011628,0.0012393,0.0014036,0.0017208,0.002322,0.0032882,0.0049412,0.0077238,0.011576,0.016039,0.020018,0.021258,0.019744,0.017165,0.015001,0.013889,0.012654,0.011117,0.0098272,0.0086837,0.0077204,0.0068069,0.0058601,0.0049425,0.0041951,0.0033648,0.0027402,0.0023202,0.001894,0.0016039,0.0014534,0.001321,0.0012687,0.001309,0.0012225,0.0011172,0.0011492,0.0012095,0.001106,0.0010369,0.0010615,0.0010585,0.0010029,0.0010013,0.001007,0.001016,0.0010106,0.0010538,0.0011413,0.0011804,0.0013157,0.0014801,0.0015975,0.0016666,0.0017894,0.0021054,0.0033116,0.0053281,0.0057366,0.005609,0.0078499,0.013062,0.019533,0.029957,0.056592,0.098246,0.1153,0.10338,0.10012,0.12441,0.14252,0.11484,0.075885,0.055965,0.042445,0.031894,0.024071,0.01849,0.014028,0.010088,0.0075522,0.0060341,0.005018,0.0043646,0.0039384,0.0036842,0.0035382,0.0032961,0.0030424,0.0027691,0.0025782,0.0025944,0.0026017,0.00249,0.0022462,0.0019774,0.0018535,0.00192,0.0022092,0.0038951,0.01568,0.026828,0.024707,0.030555,0.027963,0.022176,0.023144,0.027067,0.027219,0.025386,0.030348,0.042789,0.036579,0.021459,0.017597,0.021108,0.030829,0.039031,0.030753,0.019114,0.0153,0.015665,0.019893,0.026253,0.025385,0.018143,0.012679,0.010847,0.011447,0.012797,0.015182,0.020326,0.03141,0.061643,0.14316,0.20018,0.20008,0.16665,0.12907,0.098304,0.062918,0.03884,0.027486,0.02304,0.022567,0.023389,0.02426,0.026317,0.028338,0.029174,0.029658,0.029018,0.027871,0.029825,0.041406,0.050046,0.033224,0.014748,0.008627,0.0070427,0.0062523,0.0054871,0.004897,0.0043964,0.0041384,0.0040627,0.0041845,0.004364,0.0044011,0.0042538,0.004027,0.0039634,0.0041924,0.006405,0.011998,0.012949,0.008798,0.0072785,0.0059895,0.0044051,0.0039657,0.0043521,0.0045216,0.0035622,0.0028324,0.0039266,0.0074774,0.0079381,0.0050005,0.0031899,0.0027956,0.0028173,0.0027327,0.0025069,0.0024256,0.0023114,0.0022134,0.0020423,0.0018576,0.0016974,0.0016725,0.0016262,0.0016941,0.0018603,0.0021608,0.0022715,0.0022014,0.0019671,0.0018418,0.0022427,0.0037013,0.0066342,0.0078844,0.0052091,0.0026526,0.0017745,0.0018949,0.0042772,0.0054464,0.0028075,0.0013045,0.00097695,0.00072818,0.00077092,0.0008743,0.00089595,0.0011895,0.0018946,0.003405,0.0062145,0.013523,0.019906,0.020736,0.02255,0.014906,0.010578,0.017527,0.015203,0.0055754,0.0014393,0.00054633,0.00046212,0.00038704,0.00040835,0.0002593,0.00012395,0.000087887,0.000066948,0,0.000050836,0.00013063,0.000077511,0.00028861,0.00017865,0.00041546,0.0003181,0.0000035097,0,0,0,0,0,0.00020157,0.0001948,7.2592e-7,0.00021793,0.00027095,0.00048964,0.000075296,0,0,0,0,0,0.00049861,0.00026316,0.00011856,0,0,0,0,0,0,0,0,0,0.000016813,0.0017861,0.0024282,0.00029393,0,0,0,0,0,0,0.00011338,0.00031105,0.000017604,0,0,0,0,0,0,0,0,0,0,0,0,0,0,0,0,0,0,0,0,0.00023052,0,0,0,0,0,0.00066009,0.00026029,0,0,0,0,0,0,0.00098285,0.0017724,0.004306,0.0036879,0.00017776,0,0,0,0,0,0,0,0,0,0,0,0,0,0,0,0,0,0,0,0,0,0,0,0,0,0,0,0.00058779,0.00094546,0.0002662,0,0,0,0,0,0,0,0,0,0,0,0,0,0,0,0,0,0,0,0,0,0,0,0,0,0,0.00002803,0.00097798,0,0,0,0,0,0,0,0,0,0,0,0,0,0,0,0,0,0,0,0,0,0,0,0,0,0,0,0
0.00035933,0.00042329,0.00029632,0.00020461,0.00016216,0.00016555,0.00019316,0.00019646,0.00023143,0.00028855,0.00030419,0.0003766,0.00038544,0.00035561,0.00044741,0.00045817,0.000482,0.00061813,0.00077281,0.00089853,0.0010965,0.0013495,0.0018881,0.012636,0.048179,0.051669,0.018253,0.0082134,0.0078361,0.0046104,0.0032661,0.0033896,0.0036876,0.0039482,0.0041945,0.0045659,0.0050099,0.0053658,0.0057202,0.0061419,0.0066578,0.0072623,0.0078154,0.0082985,0.008788,0.0093386,0.0099679,0.010503,0.011237,0.011845,0.012317,0.012946,0.013628,0.015142,0.030883,0.11195,0.14489,0.065496,0.022252,0.017412,0.01676,0.016548,0.016458,0.016415,0.016512,0.016637,0.016582,0.016492,0.016483,0.01644,0.016428,0.01628,0.01609,0.015988,0.015763,0.015524,0.015302,0.015189,0.015022,0.014704,0.014368,0.014094,0.013783,0.013379,0.012893,0.012483,0.012155,0.011802,0.011715,0.011489,0.011154,0.010795,0.010455,0.010262,0.010287,0.0099351,0.0094663,0.0091974,0.0090172,0.0091943,0.0097294,0.010561,0.012393,0.015771,0.020208,0.025547,0.030051,0.031629,0.03055,0.028596,0.026501,0.024958,0.023251,0.021111,0.019132,0.017446,0.016336,0.01553,0.014182,0.012392,0.010923,0.0097657,0.009151,0.0088837,0.0087157,0.0088493,0.0091433,0.0094922,0.010038,0.010542,0.011003,0.011409,0.01175,0.011894,0.01186,0.011727,0.011513,0.011257,0.010892,0.010513,0.010155,0.0099162,0.0094863,0.0090498,0.0088995,0.0086302,0.008406,0.008281,0.0080355,0.0078335,0.0075948,0.0075942,0.008391,0.0098559,0.010084,0.0099695,0.011771,0.016458,0.023895,0.035055,0.058484,0.099407,0.13015,0.137,0.13745,0.14288,0.14509,0.11576,0.074702,0.060256,0.049635,0.040193,0.033883,0.026909,0.018971,0.01256,0.0090808,0.0073357,0.0062695,0.005496,0.0048379,0.0044996,0.0042587,0.0038533,0.0035629,0.0032966,0.0030292,0.0029547,0.00292,0.0029075,0.0026969,0.0025663,0.00279,0.0031212,0.0035414,0.0056203,0.019728,0.032482,0.030527,0.039178,0.034974,0.027025,0.028261,0.034505,0.036411,0.032829,0.035747,0.048104,0.043831,0.029527,0.024103,0.024383,0.030304,0.035661,0.027294,0.016658,0.013268,0.013391,0.01682,0.022288,0.02177,0.015452,0.010671,0.0091435,0.0096113,0.0108,0.012745,0.01685,0.025897,0.051529,0.13145,0.19806,0.19438,0.14875,0.11012,0.083989,0.05547,0.037028,0.029309,0.027934,0.029993,0.030608,0.028971,0.02778,0.02744,0.026601,0.025254,0.023976,0.023244,0.025217,0.035408,0.043156,0.028693,0.012644,0.0073545,0.0059907,0.0052772,0.0047136,0.0041245,0.0037174,0.0036562,0.0036746,0.0037836,0.0039869,0.0041545,0.0041309,0.0040164,0.0039102,0.0040648,0.0059985,0.010678,0.011435,0.0076528,0.0062908,0.0051912,0.0036214,0.0032233,0.0035588,0.0038161,0.003017,0.0023932,0.0033484,0.0065424,0.0070394,0.0046512,0.0031089,0.002862,0.0031606,0.0031085,0.0028955,0.0026445,0.0024527,0.0023574,0.0022042,0.002054,0.0019573,0.0019356,0.0019498,0.0021327,0.0024036,0.0024978,0.0024757,0.0023505,0.0021101,0.0018449,0.0018411,0.0028989,0.0056095,0.0068578,0.0044469,0.0022214,0.0016624,0.0017387,0.0036774,0.0046095,0.0023762,0.00098764,0.00061998,0.00052613,0.00048799,0.0007259,0.00085307,0.00096362,0.0015686,0.0026809,0.0050336,0.01083,0.016335,0.016938,0.018454,0.012302,0.0085943,0.014353,0.012436,0.0044999,0.00108,0.00035074,0.00013258,0.00025729,0.0003078,0.00024648,0.00015141,0.000059955,0,0,0,0,0,0.00015587,0.00016259,0.00031658,0.00011929,0,0,0,0,0,0.0000023416,0.00013237,0.00019886,0,0.000056113,0.00022319,0.00036033,0.000033925,0,0,0,0,0,0.00040056,0,0,0,0,0,0,0,0,0,0,0,0,0.00053707,0.00073969,0,0,0,0,0,0,0,0,0,0,0,0,0,0,0,0,0,0,0,0,0,0,0,0,0,0,0,0,0,0,0,0,0,0,0,0,0.00010403,0,0,0,0,0,0,0,0.0011058,0.00061204,0.00096804,0.00052101,0,0,0,0,0,0,0,0,0,0,0,0,0,0,0,0,0,0,0,0,0,0,0,0,0,0,0,0,0,0,0,0,0,0,0,0,0,0,0,0,0,0,0,0,0,0,0,0,0,0,0,0,0,0,0,0,0,0.00058523,0.0024832,0.00048346,0,0,0,0,0,0,0,0,0,0,0,0,0,0,0,0,0,0,0,0,0,0,0,0,0,0,0
0.0010947,0.0010628,0.00085517,0.00068087,0.00056968,0.00059814,0.00058279,0.00049976,0.00048324,0.00044612,0.00045926,0.00053706,0.00054454,0.00050181,0.00047807,0.00042372,0.00049209,0.00059018,0.00062456,0.00065648,0.00077169,0.0010261,0.0014704,0.011996,0.047578,0.051132,0.01717,0.0063131,0.0055459,0.0026435,0.0013683,0.0013333,0.0014081,0.0014018,0.0013876,0.0013532,0.0014058,0.0015241,0.0015172,0.0013446,0.0012741,0.0014655,0.0015562,0.0015586,0.0016378,0.0017323,0.0018701,0.0019038,0.0019738,0.0020329,0.0021649,0.0024373,0.0027772,0.0038213,0.01877,0.098908,0.1316,0.052363,0.0091552,0.0042149,0.0033205,0.0029499,0.00272,0.002578,0.002543,0.0024587,0.0023262,0.0022599,0.0022434,0.0023292,0.0023005,0.0021141,0.0021005,0.0020899,0.002046,0.0019823,0.0018921,0.0019271,0.0019174,0.0018389,0.0018566,0.0018326,0.0018669,0.001845,0.0017714,0.001789,0.0018274,0.0018772,0.0018247,0.0016826,0.0015965,0.0016484,0.0016974,0.0017773,0.0018612,0.0018641,0.0018012,0.0018559,0.0021299,0.0025938,0.0033408,0.0046879,0.0071284,0.011027,0.015876,0.021392,0.026065,0.027347,0.025377,0.02217,0.019538,0.018291,0.016968,0.015017,0.013239,0.011752,0.010347,0.0092368,0.0081449,0.0068637,0.0057827,0.0048454,0.0041176,0.0035736,0.0030579,0.0027186,0.002481,0.0023159,0.002296,0.0023457,0.0022886,0.0022297,0.0023162,0.0023303,0.0022099,0.0021117,0.002119,0.002068,0.0019966,0.0019778,0.0020211,0.0019929,0.0019002,0.0019086,0.0020086,0.0020535,0.0021977,0.0023151,0.002419,0.0025454,0.002702,0.0030826,0.004403,0.0066768,0.0073049,0.0074815,0.010544,0.017406,0.02574,0.039699,0.074284,0.11917,0.13441,0.12714,0.12677,0.13952,0.14601,0.129,0.096133,0.073053,0.056081,0.042253,0.031714,0.024267,0.018527,0.013522,0.010147,0.0081934,0.0068785,0.00595,0.0052149,0.0049004,0.0047144,0.0043923,0.0040101,0.0036837,0.0034664,0.0034594,0.0034895,0.0033945,0.0029373,0.0025485,0.0024573,0.0025157,0.0028969,0.0049354,0.018406,0.030952,0.02875,0.035868,0.034185,0.028236,0.02985,0.034818,0.035196,0.033229,0.039508,0.055876,0.047715,0.027795,0.022883,0.0274,0.040386,0.051402,0.039996,0.024436,0.01944,0.019987,0.025618,0.034412,0.033651,0.023836,0.016395,0.013866,0.014534,0.016294,0.019436,0.025876,0.039818,0.078645,0.16215,0.20302,0.20435,0.19,0.16194,0.1263,0.080771,0.049349,0.034853,0.029294,0.028783,0.030011,0.031204,0.033909,0.036458,0.037793,0.038541,0.037834,0.036441,0.038925,0.05422,0.065526,0.043172,0.019154,0.011086,0.0088822,0.0078432,0.0070304,0.006233,0.0057177,0.0055022,0.0053591,0.0053883,0.0055124,0.0057074,0.0055645,0.0053004,0.0051413,0.0054381,0.0082937,0.015595,0.016795,0.011279,0.009349,0.007701,0.0056939,0.0051575,0.0057257,0.0061162,0.0048375,0.0039103,0.0052338,0.0096756,0.01041,0.0066255,0.0042364,0.0036518,0.0036737,0.0035599,0.0033324,0.0031911,0.0031095,0.0029927,0.0026808,0.0024514,0.0022868,0.0022662,0.0022565,0.0023409,0.0025298,0.0029686,0.0030294,0.0027428,0.0025421,0.0025644,0.0029891,0.0048134,0.0088246,0.010317,0.0066437,0.0034304,0.0023412,0.0025093,0.0055457,0.0072309,0.0037601,0.0015587,0.0010382,0.00089267,0.0010201,0.0012164,0.001294,0.0016228,0.0024409,0.0042111,0.0078396,0.016769,0.025088,0.025872,0.028062,0.018759,0.013328,0.022003,0.019286,0.007063,0.0019013,0.00084293,0.00063783,0.00070071,0.00060891,0.00058018,0.00050047,0.00032684,0.00022657,0.00026817,0.000286,0.00042682,0.00037833,0.00039693,0.00021842,0.0006682,0.00041166,0.000034192,0.000010167,0.000066788,0,0,0.0000057853,0.00028537,0.00037553,0.000084092,0.000272,0.00053554,0.00061106,0.000303,0,0.000069345,0.0001789,0,0,0.00029484,0.000062314,0,0,0,0,0,0,0,0,0,0,0,0.00071317,0.00086769,0,0,0,0,0,0,0,0,0.00013669,0,0,0,0,0,0,0,0,0,0,0,0,0,0,0,0,0,0,0,0,0,0,0,0,0,0,0,0,0,0,0,0,0,0,0,0.00083411,0.00088537,0.0010169,0.00075895,0,0,0,0,0,0,0,0,0,0,0,0,0,0,0,0,0,0,0,0,0,0,0,0,0,0,0,0,0,0,0,0,0,0,0,0,0,0,0,0,0,0,0,0,0,0,0,0,0,0,0,0,0,0,0,0,0,0.00038048,0.0023607,0.0001568,0,0,0,0,0,0,0,0,0,0,0,0,0,0,0,0,0,0,0,0,0,0,0,0,0,0,0
0.00031251,0.00037414,0.00017543,0.000027543,0.000043631,0.00016172,0.00018141,0.00016591,0.00020299,0.0001924,0.00016171,0.00021871,0.00024198,0.00013147,0.00014462,0.00014091,0.00016633,0.00029033,0.00037269,0.00040178,0.00054033,0.00077226,0.001071,0.0096315,0.038739,0.041629,0.013942,0.0055287,0.0050608,0.0022595,0.0010054,0.00092755,0.00087092,0.00082514,0.00087695,0.00094062,0.0010362,0.0010898,0.0010206,0.0010173,0.0011676,0.0012908,0.0012776,0.0013531,0.0014344,0.0015151,0.0016372,0.0016752,0.0016862,0.0018179,0.0020131,0.0021664,0.0023741,0.0031405,0.013759,0.070148,0.092871,0.037267,0.0069668,0.0033496,0.0027777,0.0025657,0.0024586,0.0024088,0.0023404,0.0024001,0.0023453,0.0022263,0.0021697,0.0021654,0.0021797,0.0021335,0.0021355,0.0021138,0.0021203,0.0020845,0.002059,0.0020259,0.0019508,0.0019044,0.0018913,0.0018237,0.0018153,0.0017584,0.0016844,0.0017145,0.0017181,0.0017676,0.0017573,0.0015626,0.0014572,0.0014897,0.0015552,0.0016039,0.0015897,0.0015407,0.0015324,0.0015204,0.001643,0.0018937,0.0023058,0.0030959,0.0045008,0.0066505,0.0094128,0.012424,0.014989,0.015797,0.01479,0.013102,0.011627,0.010896,0.010084,0.0089152,0.0078882,0.0069777,0.0062443,0.005604,0.004918,0.0042447,0.0036104,0.0030004,0.0025078,0.0021648,0.0019174,0.0017568,0.0015866,0.0015161,0.0015072,0.0015324,0.0014668,0.0013943,0.0014313,0.0014786,0.0014254,0.0013772,0.0013601,0.0013146,0.0012311,0.0012609,0.0012877,0.0012704,0.0012159,0.0012091,0.0012931,0.0012892,0.0013578,0.0014354,0.0015452,0.0015599,0.0016152,0.0018442,0.002772,0.0042767,0.0045253,0.0044693,0.0061761,0.010125,0.0151,0.023143,0.043181,0.075511,0.089796,0.081494,0.08213,0.11347,0.13803,0.10167,0.05849,0.04239,0.032712,0.024767,0.018749,0.014441,0.010875,0.0077968,0.0059068,0.0047989,0.0040007,0.0033986,0.0030603,0.0029113,0.0028544,0.0026845,0.0024191,0.0022355,0.002088,0.0020456,0.0020607,0.0020117,0.0017924,0.001538,0.0014957,0.0015541,0.0017448,0.0032837,0.013866,0.023599,0.021937,0.027339,0.023743,0.017695,0.018075,0.020758,0.020939,0.019748,0.023836,0.034417,0.02942,0.01701,0.013863,0.016652,0.024823,0.031746,0.024745,0.014989,0.01196,0.012394,0.01588,0.021301,0.020741,0.01462,0.010149,0.0086568,0.0090845,0.01019,0.012062,0.016115,0.024917,0.049619,0.1279,0.19668,0.19298,0.14491,0.10562,0.07944,0.050385,0.030813,0.021768,0.018043,0.017632,0.018366,0.019064,0.020583,0.022088,0.022982,0.023422,0.022969,0.02232,0.024198,0.033892,0.040945,0.026972,0.011835,0.0069357,0.0055558,0.0048702,0.0042952,0.0037501,0.0034513,0.0032481,0.0031994,0.0033026,0.003406,0.0034896,0.0033777,0.0032338,0.0032153,0.0033804,0.0050615,0.0096678,0.010447,0.0069585,0.0057198,0.0046896,0.0033983,0.0031125,0.0034236,0.0036433,0.0028432,0.0022981,0.0030909,0.005964,0.006359,0.0039458,0.0023611,0.0021995,0.0022224,0.0020788,0.0019339,0.0018271,0.0017767,0.0017764,0.0015935,0.0013974,0.0012874,0.0012614,0.0012023,0.0012678,0.0012407,0.0014218,0.0016042,0.0015325,0.0014432,0.0014069,0.0017224,0.0027525,0.0051682,0.0063392,0.0041076,0.0020258,0.0015057,0.0015014,0.0032567,0.0042415,0.0023047,0.0009847,0.00050862,0.00040656,0.00050402,0.00060685,0.00067097,0.00086457,0.0014344,0.0025739,0.0048092,0.010336,0.015522,0.016081,0.017276,0.011539,0.0081225,0.013381,0.011773,0.0043209,0.00095462,0.000094921,0.00010702,0.0003062,0.00036547,0.00024151,0.00012468,0.000008654,0,0,0.000035048,0.000089602,0,0.000018521,0,0.00019183,0.00013821,0,0,0,0,0,0,0.000042327,0.000014371,0,0,0.00025496,0.00035163,0.0000074471,0,0,0,0,0,0.000018934,0,0,0,0,0,0,0,0,0,0,0,0,0.00025012,0.00034299,0,0,0,0,0,0,0,0,0,0,0,0,0,0,0,0,0,0,0,0,0,0,0,0,0,0,0,0,0,0,0,0,0,0,0,0,0,0,0,0,0,0,0,0,0.00049886,0.00033197,0.00027888,0.00025294,0,0,0,0,0,0,0,0,0,0,0,0,0,0,0,0,0,0,0,0,0,0,0,0,0,0,0,0,0,0,0,0,0,0,0,0,0,0,0,0,0,0,0,0,0,0,0,0,0,0,0,0,0,0,0,0,0,0,0.00097893,0,0,0,0,0,0,0,0,0,0,0,0,0,0,0,0,0,0,0,0,0,0,0,0,0,0,0,0
0,0,0,0,0,0,0,0,0,0,0,0,0,0,0,0,0,0,0,0,0,0,0,0,0,0,0,0,0,0,0,0,0,0,0,0,0,0,0,0,0,0,0,0,0,0,0,0,0,0,0,0,0,0,0.000034819,0.0008592,0.0012394,0.00046653,0,0,0,0,0,0,0,0,0,0,0,0,0,0,0,0,0,0,0,0,0,0,0,0,0,0,0,0,0,0,0,0,0,0,0,0,0,0,0,0,0,0,0,0,0,0,0.000020662,0.000079215,0.00012844,0.00018197,0.00018999,0.0001365,0.00013805,0.00013826,0.000055629,0.000051531,0.000054891,0.000014065,0.0000089706,0,0,0,0,0,0,0,0,0,0,0,0,0,0,0,0,0,0,0,0,0,0,0,0,0,0,0,0,0,0,0,0,0,0,0,0,0,0,0,0.000017706,0.000073001,0.00014445,0.0002859,0.00072077,0.0014549,0.0019227,0.0017416,0.001585,0.0021158,0.0026931,0.0018386,0.0010323,0.00071889,0.00046902,0.00032316,0.00020319,0.00007525,0.0000098113,0,0,0,0,0,0,0,0,0,0,0,0,0,0,0,0,0,0,0,0,0,0,0.000047691,0.000035142,0.00012817,0.000098884,0,0.000055074,0.00016414,0.00022124,0.00025696,0.00025228,0.00042249,0.0003965,0.0001411,0.0000072501,0,0.000027966,0.00014066,0.000099079,0,0,0,0,0,0,0,0,0,0,0,0,0,0.000013303,0.00028991,0.0013456,0.003271,0.0031843,0.0017289,0.0010288,0.00067819,0.00030275,0.00011518,0.000024943,0,0,0,0,0,0.000029995,0.000023253,4.1049e-7,0,0,0,0.000011767,0.00016331,0.000051481,0,0,0,0,0,0,0,0,0,0,0,0,0,0,0,0,0,0,0,0,0,0,0,0,0,0,0,0,0,0,0,0,0,0,0,0,0,0,0,0,0,0,0,0,0,0,0,0,0,0,0,0,0,0,0,0,0,0,0,0,0,0,0,0,0,0,0,0,0,0,0,0,0,0,0,0,0,0,0,0,0,0,0,0,0,0,0,0,0,0,0,0,0,0,0,0,0,0,0,0,0,0,0,0,0,0,0,0,0,0,0,0,0,0,0,0,0,0,0,0,0,0,0,0,0,0,0.00051654,0.0017597,0.00072686,0,0,0,0,0,0,0,0,0,0,0,0,0,0,0,0,0,0,0,0,0,0,0,0,0,0,0,0,0,0,0,0,0,0,0,0,0,0,0,0,0,0,0,0,0,0,0,0,0.0011037,0.0038185,0.0019816,0,0,0,0,0,0,0,0,0,0,0,0,0,0,0,0,0,0,0,0,0,0,0,0,0,0,0,0,0,0,0,0,0,0,0,0,0,0,0,0,0,0,0,0,0,0,0,0,0,0,0,0,0,0,0,0,0,0,0,0,0,0,0,0,0,0,0,0,0,0,0,0,0,0,0,0,0,0,0,0,0,0,0,0,0,0,0
0.0014878,0.0014071,0.0012637,0.0011304,0.0010652,0.0010855,0.0011567,0.0011959,0.0011178,0.0010564,0.0011984,0.001312,0.001272,0.0012693,0.0013595,0.0014269,0.0014896,0.0017213,0.0019772,0.0021874,0.0024969,0.0029839,0.0039157,0.022843,0.086356,0.093304,0.033313,0.014441,0.013445,0.008097,0.0058062,0.0059826,0.0064187,0.0069571,0.0074148,0.0078258,0.0086242,0.0094137,0.010018,0.010765,0.011695,0.012627,0.013295,0.014243,0.015268,0.016323,0.017502,0.018503,0.019733,0.020996,0.022244,0.023433,0.024998,0.028315,0.059494,0.18432,0.23576,0.12043,0.042502,0.033066,0.032052,0.031852,0.031899,0.032142,0.032448,0.03268,0.032936,0.033136,0.033201,0.033308,0.033415,0.033289,0.033194,0.033124,0.032884,0.032705,0.032461,0.032129,0.031957,0.03168,0.031332,0.031075,0.030436,0.029911,0.028909,0.028102,0.027848,0.027223,0.026851,0.026572,0.026047,0.025494,0.024943,0.024496,0.024103,0.023543,0.023005,0.022649,0.022671,0.023138,0.024366,0.026865,0.031588,0.039172,0.048863,0.059511,0.068678,0.071256,0.067194,0.060263,0.054478,0.051483,0.048098,0.043424,0.0393,0.035726,0.032721,0.030077,0.027335,0.024448,0.021933,0.019904,0.018242,0.016988,0.016006,0.015376,0.014858,0.014621,0.014701,0.014816,0.014733,0.014708,0.014863,0.014854,0.014653,0.014417,0.014224,0.013974,0.013616,0.013207,0.012904,0.012588,0.012261,0.011965,0.011799,0.011588,0.011506,0.011543,0.011542,0.011514,0.011608,0.012062,0.013953,0.017088,0.018449,0.019874,0.026381,0.039956,0.057472,0.0859,0.12555,0.14299,0.14419,0.14492,0.14557,0.1461,0.14661,0.14736,0.1461,0.13524,0.11521,0.090198,0.068043,0.052018,0.039594,0.029449,0.022752,0.018787,0.015912,0.013583,0.012,0.011067,0.010149,0.009261,0.0084727,0.0077421,0.0072291,0.0070929,0.0070013,0.006618,0.0059013,0.0053389,0.0051949,0.0053514,0.0059141,0.0097995,0.036478,0.061676,0.057437,0.06895,0.059439,0.046615,0.052374,0.065351,0.069336,0.065086,0.070216,0.087096,0.073736,0.047681,0.040502,0.045399,0.06035,0.071755,0.056174,0.035836,0.029271,0.029767,0.036395,0.046036,0.044268,0.032202,0.023026,0.019936,0.020529,0.022628,0.026908,0.035857,0.054971,0.10473,0.18007,0.20383,0.20505,0.20312,0.18969,0.15952,0.10963,0.071092,0.053346,0.047539,0.049355,0.052588,0.053729,0.056716,0.059907,0.061592,0.062026,0.058922,0.054505,0.055485,0.072752,0.084766,0.056316,0.026267,0.016032,0.013045,0.011517,0.010315,0.0093037,0.0086622,0.0082224,0.0081683,0.0083698,0.0085753,0.0088525,0.0087859,0.0085418,0.0085047,0.0091382,0.012842,0.021657,0.023191,0.016679,0.0142,0.012145,0.009816,0.0090597,0.0095979,0.0098066,0.0081297,0.0068705,0.0083846,0.013783,0.014369,0.0098037,0.0069924,0.0062413,0.0063157,0.0061858,0.0059394,0.0056085,0.0054917,0.005536,0.0050856,0.0047627,0.0046073,0.0043863,0.0042284,0.0043542,0.0047479,0.005543,0.0058985,0.0055174,0.0050608,0.0048534,0.0052549,0.0074875,0.012294,0.014169,0.0095996,0.005583,0.0041745,0.003918,0.0075136,0.009444,0.005294,0.0028648,0.0021538,0.0016482,0.001656,0.0018657,0.0019561,0.002445,0.0036129,0.0058975,0.010667,0.022382,0.032505,0.033825,0.036803,0.024517,0.017796,0.028636,0.02472,0.0092876,0.0028024,0.0013676,0.0011465,0.0010701,0.00096868,0.00096365,0.00098376,0.00081305,0.00060014,0.00060502,0.00056642,0.00062848,0.00054098,0.0006675,0.00070728,0.0010693,0.00084746,0.00043527,0.00054006,0.0004089,0.0002152,0.00014522,0.00030367,0.0011197,0.0012717,0.00054624,0.00067395,0.0010326,0.0011252,0.00044791,0.00015991,0.00022144,0.0004455,0.00013279,0.00010527,0.0013405,0.0020482,0.0011407,0.00011018,0,0,0,0,0,0,0,0,0.00042864,0.0028501,0.0036006,0.00060253,0,0,0,0,0,0,0.00061164,0.00074006,0.000097498,0,0,0,0,0,0,0,0,0,0,0,0,0,0,0,0,0,0,0,0,0.0010312,0.000033923,0,0,0,0.00031906,0.0018123,0.0011177,0,0,0,0,0,0.00006089,0.0026008,0.0037634,0.0062579,0.0051272,0.0007483,0,0,0,0,0,0,0,0,0,0,0,0,0.000083182,0.000030347,0,0,0,0,0,0,0,0,0,0,0,0,0.00013939,0.001803,0.001809,0.00098353,0,0,0,0,0,0,0,0,0.000029578,0,0,0,0,0,0,0,0,0,0,0,0,0,0,0,0,0,0.003112,0.0086629,0.0051189,0,0,0,0,0,0,0,0,0,0,0,0,0,0,0,0,0,0,0,0,0,0,0,0,0,0,0
0.0000076498,0.000016101,0,0,0,0,0,0,0,0,0,0,0,0,0,0,0,0,0.0000089776,0,0,0,0,0.00050173,0.0022878,0.0024529,0.00082026,0.00029146,0.00020671,0.000041368,0.000018915,0,0,0.000010991,0,0,0,0,0,0.0000073769,0,0,0,0,0,0,0.00005441,0.000049732,0.000030559,0.000032014,0.0000064084,0,0.000008273,0.00010454,0.0011052,0.0060779,0.0077569,0.0029148,0.00038557,0.000087164,0.000035819,0,0,0,0,0,0,1.7e-7,0.000028278,0,9.0177e-7,0.000057192,0.000029205,0.000013156,0,0,0,0,0,0,0,0.000009694,0.0000037442,0,0,0,0,0,0,0,0,0,0,0,0.000022704,0.0000080559,4.6353e-7,0.0000013711,0,0.000044026,0.00010845,0.00016872,0.00028757,0.00051094,0.00073072,0.0010368,0.0013971,0.0015331,0.0014623,0.0012863,0.0011255,0.0010434,0.00093336,0.00079183,0.00070617,0.00061738,0.00053776,0.00046776,0.0004045,0.00033621,0.00027809,0.00020118,0.00013092,0.00009801,0.000089563,0.000063209,0.000072791,0.000075946,0.000044807,0.000016721,0.0000428,0.000040555,0.000029812,0.000045692,0.000037089,0.000025969,0.000026162,0.000054001,0.000053286,0.0000030571,7.5615e-7,0.000020509,0.000015322,0.000031423,0.000049049,0.000051183,0.000052264,0.000076805,0.000065839,0.000060133,0.000089802,0.00014726,0.0002622,0.00040471,0.00040855,0.00036988,0.0005119,0.00093574,0.0014634,0.0022444,0.0042007,0.0074687,0.0089569,0.007855,0.0076576,0.01143,0.014513,0.0097077,0.0055999,0.0041606,0.0031767,0.0023453,0.0017541,0.0013055,0.00093509,0.00068891,0.00053852,0.00044051,0.00038155,0.00029935,0.00026757,0.00026188,0.00024702,0.00019838,0.0001822,0.00019817,0.00019431,0.00018305,0.0001344,0.00012474,0.00012253,0.00011429,0.00011635,0.00011456,0.00015654,0.00032377,0.0012429,0.002049,0.0019341,0.0023887,0.0020564,0.001615,0.0017902,0.0020147,0.0019458,0.0018392,0.002249,0.0031106,0.0025802,0.0015429,0.0013164,0.0016095,0.0022903,0.0028052,0.0021891,0.0013571,0.0011223,0.0011593,0.0014545,0.001888,0.0018008,0.0012523,0.00088042,0.00076026,0.00081105,0.00092751,0.0011255,0.001481,0.002294,0.0046586,0.013285,0.025626,0.022918,0.013023,0.0089508,0.0068072,0.0043989,0.0027682,0.0020388,0.0017822,0.0017129,0.0017922,0.0018825,0.0020025,0.0021783,0.0022077,0.0021536,0.0020526,0.0019689,0.0021502,0.0029913,0.0035386,0.002296,0.0010202,0.00061547,0.00052322,0.00047445,0.00037809,0.00030888,0.00029592,0.00026006,0.00024864,0.00032042,0.00028897,0.00025826,0.00026353,0.00026557,0.00022778,0.00028748,0.00044383,0.00091434,0.00095965,0.00063871,0.00050276,0.00038154,0.00031107,0.00029886,0.00031056,0.00027984,0.00026529,0.00017346,0.00023422,0.00048916,0.00055665,0.0003308,0.00027577,0.00016441,0.000094747,0.00012425,0.00013961,0.00018449,0.00014451,0.0001151,0.00010017,0.000050667,0.000046885,0.000055033,0.00005948,0.000035968,0.000018824,0.000050077,0.00014303,0.00012566,0.0001314,0.00016237,0.00018395,0.00020386,0.00042688,0.00047522,0.0003101,0.000078136,0.000042306,0.000032642,0.00026882,0.00036889,0.00011233,0,0.0000025876,0,0,0,0.00003505,0.0001257,0.00011466,0.00021032,0.0004244,0.00098473,0.0014014,0.0014336,0.0015716,0.0010335,0.00070753,0.0011782,0.00106,0.00040749,0.000048498,0,0,0,0,0,0,0,0,0,0,0,0,0,0,0,0,0,0,0,0,0,0,0,0,0,0,0,0,0,0,0,0,0,0,0,0,0,0,0,0,0,0,0,0,0,0,0,0,0,0,0,0,0,0,0,0,0,0,0,0,0,0,0,0,0,0,0,0,0,0,0,0,0,0,0,0,0,0,0,0,0,0,0,0,0,0,0,0,0,0,0,0,0,0,0,0,0.0000038228,0,0,0,0,0,0,0,0,0,0,0,0,0,0,0,0,0,0,0,0,0,0,0,0,0,0,0,0,0,0,0,0,0,0,0,0,0,0,0,0,0,0,0,0,0,0,0,0,0,0,0,0,0,0,0,0,0,0,0,0,0,0,0,0,0,0,0,0,0,0,0,0,0,0,0,0,0,0,0,0,0,0,0,0,0,0,0
0.00049873,0.0005999,0.0005332,0.00039506,0.00031252,0.00031046,0.00038006,0.0003569,0.00031178,0.00029147,0.00030742,0.00036587,0.00044266,0.00039467,0.00042299,0.00033565,0.00024909,0.00034093,0.00044167,0.00053445,0.0005373,0.00063952,0.00094314,0.0054262,0.020186,0.021487,0.0075184,0.0032559,0.0031896,0.001936,0.0014527,0.0016075,0.0017124,0.0018164,0.0020012,0.0024315,0.0027813,0.0028114,0.0029435,0.0034609,0.0038837,0.0039035,0.0039688,0.0042533,0.0045168,0.0049674,0.0054869,0.0057924,0.0060508,0.0063032,0.0067398,0.0071825,0.0077439,0.008914,0.019291,0.073136,0.09437,0.041955,0.01392,0.01074,0.010396,0.010464,0.010505,0.010744,0.010977,0.011209,0.011219,0.011235,0.011347,0.01145,0.011563,0.011635,0.011616,0.011523,0.01158,0.011579,0.011559,0.011552,0.011395,0.011265,0.011274,0.0112,0.011157,0.010977,0.010675,0.010383,0.010285,0.010062,0.0099272,0.0097265,0.0094171,0.0092979,0.0091817,0.009022,0.0088075,0.008528,0.0083228,0.0082577,0.0082209,0.0083101,0.0086417,0.0094063,0.011051,0.013908,0.017805,0.022672,0.027066,0.028309,0.026454,0.023455,0.020846,0.019368,0.017917,0.016132,0.014646,0.013363,0.012214,0.011233,0.010242,0.0092446,0.0084529,0.0077531,0.0072925,0.006989,0.0067923,0.0067738,0.0068368,0.0069546,0.0071973,0.0074412,0.0076176,0.0078074,0.008036,0.0081466,0.0081779,0.0080708,0.0078946,0.0077527,0.0075213,0.0073271,0.0071588,0.0069128,0.0066445,0.0064067,0.0062821,0.0061357,0.0059961,0.0059,0.0057514,0.0056577,0.0056116,0.0056963,0.0064322,0.0077605,0.0080185,0.0081307,0.010299,0.015415,0.022033,0.033166,0.061934,0.10574,0.12252,0.11071,0.10669,0.12564,0.14052,0.11408,0.079595,0.060109,0.045535,0.034213,0.025644,0.019566,0.014827,0.010838,0.0083297,0.006839,0.005835,0.0050474,0.0044981,0.0041307,0.0038583,0.0035887,0.0033102,0.0029791,0.0027178,0.0026685,0.0026258,0.002529,0.002234,0.0020361,0.0020162,0.0020107,0.0021741,0.003304,0.010425,0.017145,0.016265,0.020065,0.020675,0.019256,0.021745,0.026206,0.026807,0.024755,0.027412,0.036743,0.031608,0.019008,0.01558,0.018049,0.025596,0.032078,0.024759,0.014992,0.011849,0.011861,0.014851,0.020321,0.020201,0.014099,0.0095561,0.0081711,0.0084923,0.0092953,0.010826,0.014175,0.021673,0.044173,0.12141,0.19464,0.18927,0.13642,0.098344,0.073714,0.046638,0.029055,0.021437,0.018915,0.019445,0.020825,0.021593,0.023283,0.025009,0.025619,0.025495,0.024304,0.022385,0.023071,0.031942,0.039179,0.025964,0.011283,0.0066135,0.0052974,0.0046138,0.0041646,0.0037124,0.0034885,0.0033069,0.0034007,0.0034591,0.0035026,0.003637,0.0035432,0.0034063,0.0034375,0.0036851,0.005421,0.0099162,0.010595,0.0072318,0.006077,0.0051803,0.0039423,0.0036213,0.0039742,0.0041449,0.0031632,0.002555,0.0032551,0.0060811,0.0065996,0.0042747,0.002861,0.0025517,0.0026727,0.0026727,0.0023702,0.0022663,0.0022045,0.0020821,0.0020477,0.0019312,0.0018675,0.0018349,0.0016347,0.001706,0.0019268,0.0021997,0.0023507,0.0020736,0.0018706,0.0018427,0.0020901,0.0034368,0.0059429,0.0065318,0.0040434,0.0020552,0.0014767,0.0015738,0.0035756,0.0045599,0.0039976,0.011736,0.013529,0.0041113,0.00088414,0.00085599,0.00085763,0.0011068,0.0017569,0.0026608,0.0053322,0.016955,0.026202,0.019612,0.017229,0.011568,0.0080849,0.013238,0.011822,0.0053501,0.0026517,0.0010339,0.00039352,0.00039123,0.00051035,0.00052742,0.00039393,0.00018687,0.0001949,0.00022796,0.00025529,0.0011015,0.0038793,0.0034866,0.00092298,0.00073266,0.00047022,0.000099151,0.000098561,0.00016967,0.0002106,0.00032343,0.004024,0.019672,0.0196,0.0044181,0.0008551,0.00056483,0.00053613,0.00028155,0.0000080437,0.00021416,0.00042796,0.00019831,0.0032652,0.020256,0.035358,0.024073,0.0052181,0.00039802,0.00023094,0,0.000061839,0.00014215,0.00011658,0,0.00054557,0.011925,0.074082,0.08721,0.023333,0.0017309,0.00026857,0,0,0.0000091674,0.0060828,0.030386,0.030675,0.0068863,0.00035193,0,0,0,0.0000023196,0,0,0,0,0,0,0,0,0,0,0,0,0.00025643,0.0019823,0.019575,0.033331,0.013521,0.0014331,0.00013302,0.0030385,0.024709,0.057663,0.042451,0.0093408,0.00071511,0.00034008,0.00031332,0.00036253,0.00092674,0.013776,0.069475,0.15709,0.12957,0.031887,0.0018405,0.000014451,0.0001274,0.000022998,0.0001127,0,0,0,0,0,0,0.0076063,0.026519,0.020669,0.0042673,0.00021151,0,0,0,0,0,0,0,0,0,0.0067761,0.037886,0.068445,0.084755,0.052788,0.010161,0.000073997,0,0,0,0,0.0018754,0.016357,0.024834,0.010621,0.00064685,0,0,0,0,0,0,0,0,0,0,0.00032451,0.0048581,0.0028486,0.00024739,0,0.00047156,0.0015018,0.000058702,0,0,0,0,0,0,0,0,0,0,0,0,0,0,0,0,0,0,0,0,0,0,0,0,0,0,0
0,0,0.000026831,0.000054595,0.00013969,0.000010025,0,0,0.0000020566,4.0635e-7,0,0,0,0,0,0,0.0000046181,0.0000035993,0,0,0.000036204,0.000046684,0.0000092566,0.00020672,0.00080072,0.00083306,0.00029578,0.00013973,0.00013183,0.000047133,0.00011201,0.0000071029,0,0,0,0,0.000031261,0.000036071,0.000011191,0.000088038,0.000019829,0.000012915,0.00010225,0.000109,0.00015319,0.00012913,0.00013617,0.000077433,0.00011782,0.00020622,0.00021935,0.00029195,0.00022891,0.0001697,0.00057299,0.0020949,0.0026698,0.0011822,0.00044603,0.0003371,0.00029647,0.00033092,0.0004319,0.00040158,0.00030524,0.00034141,0.00037678,0.00031951,0.00038061,0.0004324,0.00035646,0.00033304,0.00032012,0.00032501,0.00029555,0.00027691,0.00027672,0.00025454,0.00026093,0.00029004,0.00031992,0.00032291,0.0003278,0.00031167,0.00029251,0.00033311,0.00034696,0.00031459,0.0002762,0.00027667,0.00026655,0.00029253,0.00024659,0.00021352,0.00017344,0.00019087,0.00023863,0.00025544,0.00020861,0.00015286,0.00016744,0.00019085,0.00018285,0.0002475,0.00025699,0.00036459,0.00042253,0.00039197,0.00034184,0.00037392,0.00031798,0.00026839,0.00023673,0.00023168,0.00024837,0.00025498,0.0002012,0.00017048,0.00015695,0.00014311,0.0001365,0.00010514,0.000056671,0.000082162,0.00012079,0.00011083,0.000097746,0.000093218,0.00010812,0.00011325,0.00012838,0.00011834,0.00013584,0.00014403,0.00010611,0.000073294,0.00010137,0.000083882,0.000080613,0.000076635,0.000043643,0.0001077,0.00015702,0.000086678,0.000065353,0.000022624,0.00004295,0.000070748,0.000012624,0.000022651,0.000064493,0.000097182,0.000060051,0.000044412,0.000081459,0.000078423,0.00010056,0.0001137,0.0001489,0.00025736,0.00049365,0.0008312,0.0010101,0.00087635,0.00084942,0.0013214,0.001746,0.0011834,0.00062111,0.00040229,0.00031199,0.00027149,0.00026961,0.00019713,0.00015337,0.000030115,0.00001472,0.000013703,0,0.000011074,0.000056555,0.000014842,0.000014963,0.000010694,0.000023621,0.000032636,0.00001632,0.0000011561,0.0000046592,0.000011843,0.000019149,0.000043863,0.000023329,0,0,0,0.000043658,0.00015877,0.00015874,0.00024843,0.00015934,0.00004892,0.000038447,0.000066322,0.000057648,0.000071594,0.000084194,0.00011683,0.0001874,0.000096362,0.00002832,0.0000022676,0.000057651,0.000054134,0,0.000059699,0.0000063035,0.000035244,0.000060051,0.0000042569,0.000051402,0.000038318,0.000017836,0,0,0,0.0000095498,0.000058249,0.000052429,0.00019095,0.00057181,0.0011221,0.00095206,0.00055859,0.00035705,0.00022482,0.00011934,0.000081575,0.000035503,0.0000093754,0.0000069196,0.000048229,0.00003108,0.00012855,0.00018072,0.00011462,0.000083343,0.000058487,0.00002994,0.000012299,0.00011148,0.00015243,0.00007364,0,0,0,0.000011557,0.000072108,0,0,0,0,0,0,0,0,0,0,0,0,0.0000055912,0.000069695,0.000028509,0,0,0,0,0.0000081708,0,0,0,0.000026864,0.000027774,0,0.000015985,0,0,0,0,0,0,0,0,0.0000043772,0,0,0,0,0,0,0,0,0.000031159,0.0000050638,0,0,0.000090159,0.000075066,0,0,0.000081608,0.0001112,0,0,0,0,0.000010071,0.000079745,0,0,0,0,0,0,0,0,0.000013159,0.00011403,0.00014389,0.00015164,0.000074037,0.000018453,0.000076087,0.000045106,0,0,0,1.733e-7,0,0,0,0,0,0,0.000042314,0.0000040921,0,0,0.000005421,0.000034849,0,0,0,0,0,0,0,0,0,0,0,0,0,0,0,0,0,0,0,0,0,0,0,0,0,0,0,0,0,0,0,0,0,0.0000049354,0,0,0,0,0,0,0,0,0,0,0,0,0,0.000012579,2.678e-7,0,0,9.3461e-7,0.000026292,0,0,0,0,0,0,0,0,0.000047353,0,0,0,0,0,0,0,0,0,0,0,0,0,0.00017764,0.00021306,0,0,0,0.000032112,0,0,0,0,0,0,0,0,0,0,0,0,0,0,0,0.00017613,0.00010501,0,0,0,0,0.00026365,0.00002071,0,0,0,0,0,0,0,0,0,0,0,0,0,0,0,0,0,0,0.00036104,0,0.00058604,0,0,0,0,0,0,0,0,0,0,0,0.000028008,0,0.00090122,0,0,0,0.000010425,0,0,0,0,0,0,0,0,0,0,0,0,0,0,0,0,0,0,0,0,0.000014767,0,0,0.00039058,0,0,0
7.7323e-7,0,0,0,0,0,0,0.000021024,0,0,0,0,0,0,0,0,0.0000028306,0,0,0,0,0,0.0000015697,0.00048105,0.0020447,0.0021959,0.00072421,0.00025275,0.00018511,0.000045113,0.00002955,0.000028222,0.000030718,0.000027918,0.000027707,0.000033537,0.0000016213,0.0000155,0.000076109,0.000063661,0.000060183,0.000058317,0.000018197,0.000034837,0.000068173,0.000089611,0.00013594,0.00012823,0.00012676,0.000088228,0.00010686,0.000092937,0.00015726,0.00027256,0.0013737,0.0069291,0.0087946,0.0033675,0.00052832,0.00017314,0.000092286,0.00011902,0.00013992,0.00011237,0.000094625,0.00011289,0.00012152,0.00011772,0.00013268,0.000090276,0.00012333,0.00014409,0.00011134,0.00012896,0.00010871,0.000094189,0.00010454,0.00010148,0.000056355,0.0000074684,0.000059514,0.000092309,0.000040514,0.00004402,0.000071776,0.000080236,0.000069723,0.000063398,0.000047525,0.000075231,0.000099972,0.000098482,0.00010518,0.000059745,0.000086171,0.00010621,0.00010101,0.00013034,0.00011298,0.00013259,0.00020882,0.00029177,0.00036633,0.00055496,0.00082215,0.0011073,0.0013375,0.0013656,0.0012794,0.0011479,0.0010274,0.00099508,0.0009213,0.00078209,0.00068939,0.0006361,0.00054545,0.00046724,0.00042965,0.0003788,0.0003078,0.00024159,0.00018858,0.00016402,0.00015262,0.00011908,0.00011619,0.00012609,0.000085471,0.000086288,0.000097835,0.000092887,0.000094957,0.000082697,0.000071682,0.000079162,0.000078319,0.00010337,0.00011373,0.00007243,0.000057007,0.000090087,0.000078101,0.000060601,0.000072896,0.000088716,0.000086932,0.00010054,0.00011068,0.00011237,0.00012102,0.00013494,0.00021692,0.00034,0.00036628,0.0003443,0.00052631,0.00092848,0.0013491,0.002089,0.0039654,0.0068132,0.0077937,0.0068917,0.0069404,0.0098758,0.012134,0.0082591,0.0048804,0.0036391,0.0028159,0.0021002,0.0015905,0.0012403,0.00093913,0.00066497,0.00048339,0.0004196,0.00036009,0.00027029,0.00024812,0.00023906,0.00022326,0.00018059,0.00016508,0.00017561,0.00015556,0.00013713,0.00010982,0.00012726,0.00012694,0.000087288,0.000084953,0.00010188,0.00012985,0.00027752,0.0010864,0.0017376,0.0015839,0.0019442,0.0018021,0.0015282,0.0016454,0.0018578,0.0018152,0.0017103,0.0020941,0.0029891,0.0024544,0.0014075,0.001198,0.0014751,0.0021893,0.0027466,0.0020997,0.0012087,0.00096727,0.0010438,0.001387,0.0018571,0.0018016,0.0012647,0.00085157,0.00071442,0.00072792,0.00079879,0.0010368,0.0013943,0.0021067,0.0043654,0.013137,0.025568,0.022521,0.012648,0.0087307,0.0065732,0.0041258,0.0025312,0.0018229,0.0015321,0.0015212,0.0016047,0.0016817,0.001795,0.0019316,0.0020001,0.0020455,0.002021,0.0019014,0.0020419,0.00285,0.0034526,0.0022552,0.00095883,0.00058707,0.00049747,0.00042623,0.00035193,0.00029779,0.0002856,0.00023651,0.00019999,0.000274,0.00025821,0.00027021,0.00027101,0.00025118,0.00021332,0.00024519,0.00041643,0.00083409,0.00086789,0.00058791,0.0004984,0.00038798,0.00027034,0.00023949,0.00027691,0.00028045,0.00017993,0.00013809,0.00022868,0.00050348,0.00055276,0.00029575,0.00023567,0.00016569,0.00010142,0.000059209,0.00013602,0.0001425,0.000090311,0.00013165,0.00013133,0.00008214,0.000023595,0.000060452,0.000080116,0.000036851,0.00005474,0.00010345,0.00016389,0.00011801,0.000099815,0.00013021,0.00016681,0.00019696,0.00043448,0.00048101,0.00025301,0.000073821,0.000047845,0.000047119,0.00026001,0.00036939,0.00018096,0.0000038229,0.000058875,0,0.0000078341,0,3.3165e-7,0.000083783,0.00010545,0.00019202,0.00044585,0.00098783,0.0014203,0.0013713,0.0013886,0.00089669,0.00062889,0.0010785,0.00097586,0.00038702,0.000134,0,0,0,0,0,0,0,0,0,0.000011617,0,0,0,0,0.000018507,0,0,0,0,0,0,0,0.0000039339,0.0000144,0,0,0,0.000019355,0,0,0,0,0,0,0.000025381,0.000035624,0.000057102,0,0,0,0,0,0,0,0,0,0.000075014,0.00050252,0.00057887,0.00001637,0,0,0,0,0,0,0,0,0,0,0,0,0,0,0,0,0,0,0,0,0,0,0,0,0,0,0,0,0,0,0,0,0,0,0,0.00023301,0.00015833,0.000060789,0,0,0,0,0,0,0.000098262,0.00094395,0.0010377,0.00008817,0,0,0,0,0,0,0,0,0,0,0,0,0,0,0,0,0,0,0,0,0,0,0,0,0,0,0,0,0.00039213,0,0,0,0,0,0,0,0,0,0,0,0,0,0,0,0,0,0,0,0,0,0,0,0,0,0,0,0,0,0,0,0,0,0,0,0,0,0,0,0,0,0,0,0,0,0,0,0,0,0,0,0,0,0,0,0,0
0.0014633,0.0014016,0.0011778,0.0010588,0.0009985,0.0009797,0.0010049,0.000986,0.00094906,0.00094442,0.00099248,0.0010275,0.0010659,0.0010031,0.00097307,0.00095094,0.00095602,0.0010391,0.0011784,0.0013618,0.0016143,0.0019564,0.002772,0.020496,0.080636,0.087106,0.029867,0.011727,0.010406,0.0048849,0.0025025,0.0023823,0.0023735,0.0023045,0.0022976,0.0023877,0.0025198,0.0026279,0.0025655,0.0025379,0.0026899,0.002872,0.0028492,0.0029641,0.0031239,0.0032607,0.0035057,0.0036438,0.0037695,0.0039198,0.0041472,0.0045681,0.0052968,0.0073109,0.035659,0.16404,0.2173,0.094569,0.01694,0.0076101,0.0059312,0.0050688,0.0046689,0.0045471,0.0044249,0.0042352,0.0042002,0.0040272,0.0038687,0.0038704,0.0038403,0.003711,0.0036226,0.0035759,0.0035938,0.0034692,0.0032857,0.0032159,0.0032459,0.0031319,0.0031123,0.0031431,0.0030729,0.0029686,0.0030607,0.0031702,0.0031758,0.0033158,0.0031108,0.002769,0.0026767,0.0028731,0.0030438,0.0030962,0.0031512,0.0030644,0.0030225,0.0031365,0.0034285,0.004017,0.0051931,0.0072635,0.010868,0.016584,0.023863,0.031465,0.038152,0.040325,0.037766,0.033238,0.029547,0.027922,0.025871,0.022691,0.019936,0.017641,0.015709,0.014034,0.012284,0.010492,0.0089682,0.0075647,0.0063957,0.0054696,0.0047003,0.0041894,0.0038174,0.0036319,0.0037103,0.0038378,0.0037285,0.0036143,0.0036629,0.0036711,0.0035745,0.0034464,0.0033754,0.0033307,0.0032732,0.0032899,0.0032499,0.0031831,0.0031194,0.003156,0.0032209,0.0032709,0.0034929,0.0037788,0.0039285,0.0040255,0.0042438,0.0048583,0.0071411,0.010831,0.011511,0.011478,0.015943,0.026262,0.039125,0.059565,0.10222,0.13765,0.14419,0.14492,0.14557,0.1461,0.14661,0.14363,0.12808,0.10582,0.083548,0.063427,0.047714,0.036503,0.027743,0.020271,0.015406,0.01248,0.01048,0.0089983,0.0079942,0.0074951,0.0071619,0.006759,0.0061592,0.0056448,0.0053973,0.0054111,0.0054912,0.0053006,0.0045551,0.0039756,0.0038484,0.0039873,0.0045182,0.0078883,0.030505,0.051676,0.047389,0.058504,0.054319,0.043369,0.045202,0.052315,0.052643,0.049904,0.060458,0.086169,0.073224,0.042583,0.035235,0.042409,0.062302,0.079506,0.062307,0.038063,0.030598,0.031886,0.040608,0.053632,0.052084,0.037275,0.026078,0.022245,0.023191,0.025945,0.031001,0.041291,0.06339,0.11917,0.1875,0.20392,0.20505,0.20626,0.203,0.17814,0.12459,0.077643,0.054605,0.045337,0.04429,0.046044,0.047589,0.051755,0.055621,0.057619,0.058951,0.058512,0.056598,0.060895,0.084659,0.10161,0.067263,0.030031,0.01774,0.014278,0.012373,0.010986,0.0098314,0.0090111,0.0085867,0.0084945,0.0086169,0.0087698,0.0088464,0.0087319,0.0082669,0.0080769,0.0085431,0.012831,0.024168,0.025936,0.017486,0.014509,0.012145,0.0089762,0.0081335,0.0089736,0.0094231,0.00754,0.0061249,0.0082484,0.01523,0.01603,0.010112,0.0065016,0.0055893,0.0057002,0.0055443,0.0050923,0.00492,0.0048153,0.0046996,0.0042744,0.0039089,0.0037314,0.0036308,0.003521,0.0036133,0.0040086,0.0044505,0.0046649,0.0043741,0.0040631,0.004118,0.0046518,0.0074148,0.013502,0.016021,0.010698,0.0057974,0.0040998,0.0041707,0.0087406,0.011139,0.006027,0.0032252,0.0024659,0.0017423,0.0018329,0.001947,0.0022262,0.0027862,0.0041014,0.0068997,0.012721,0.026785,0.039581,0.040951,0.044176,0.029305,0.020947,0.034429,0.029723,0.011154,0.0033229,0.0015826,0.0012954,0.0012493,0.0011817,0.001126,0.0010091,0.00084873,0.00056364,0.00067755,0.00072262,0.00079119,0.00074217,0.00080591,0.00079534,0.0012009,0.00090809,0.00050616,0.00048148,0.00041049,0.00024236,0.00012558,0.00046055,0.0015201,0.0014956,0.00067117,0.00081058,0.0013305,0.0014388,0.00071722,0.00011493,0.00038509,0.00077254,0.00025761,0.00005964,0.0016921,0.0028107,0.0017524,0.00030022,0.000062302,0.000081502,0,0.00006416,0,0,0,0,0.00066075,0.0044124,0.0053293,0.0011425,0,0,0,0,0,0.00020035,0.0014206,0.0015827,0.00061437,0,0,0,0,0,0,0,0,0,0,0,0,0,0,0,0,0,0,0,0.00047228,0.0015107,0.00035762,0,0,0,0.00075006,0.0030537,0.0018859,0,0,0,0,0,0,0.0028468,0.0056237,0.011081,0.0091655,0.0017283,0,0,0,0,0,0,0,0,0,0,0,0,0.00049791,0.00024987,0,0,0,0,0,0,0,0,0,0,0,0,0.00061303,0.0033057,0.0035324,0.0018656,0,0,0,0,0,0,0,0.0000046371,0.00044579,0,0,0,0,0,0,0,0,0,0,0,0,0,0,0,0,0,0.0027846,0.0071391,0.0039402,0,0,0,0,0,0,0,0,0,0,0,0,0,0,0,0,0,0,0,0,0,0,0,0,0,0,0
0,0,0,0,0,0,0,0,0,0,0,0,0,0,0,0,0,0,0,0,0,0,0,0,0.000078108,0.00015565,0,0,0,0,0,0,0,0,0,0,0,0,0,0,0,0,0,0,0,0,0,0,0,0,0,0,0,0,0.000035604,0.0013885,0.0019993,0.00069472,0,0,0,0,0,0,0,0,0,0,0,0,0,0,0,0,0,0,0,0,0,0,0,0,0,0,0,0,0,0,0,0,0,0,0,0,0,0,0,0,0,0,0,0,0,0,8.8236e-7,0.00010978,0.00023021,0.00028609,0.00026721,0.00018857,0.00011757,0.00013421,0.00010044,0.000078041,0.000068729,0.000057476,0.000041272,0.0000016294,0,0,0,0,0,0,0,0,0,0,0,0,0,0,0,0,0,0,0,0,0,0,0,0,0,0,0,0,0,0,0,0,0,0,0,0,0,0,0.000012073,0.00011127,0.00015525,0.00035858,0.00097409,0.0019613,0.0024648,0.0020783,0.0018681,0.0025333,0.0032925,0.0023785,0.0014245,0.00095696,0.00063129,0.0004013,0.00024698,0.00010866,0.00006999,2.7189e-7,0,0,0,0,0,0,0,0,0,0,0,0,0,0,0,0,0,0,0,0,0.000016131,0.00017939,0.00010848,0.00021942,0.00020202,0.000092768,0.00013747,0.00019874,0.00022781,0.00028271,0.00024169,0.00045362,0.00039279,0.000085996,0.000025615,0.000075843,0.00018964,0.0003609,0.00027172,0.000055562,0,0,0,0.000049437,0.000055915,0,0,0,0,0,0,0,0.000096621,0.00051214,0.0020756,0.0047883,0.0045521,0.0024539,0.0015929,0.0011234,0.00056191,0.00021738,0.00007839,0.000072937,0.000040182,0.0000053551,0.000043214,0.00010821,0.00018042,0.00018362,0.00012546,0.00012343,0.000091262,0,0.00017564,0.00038334,0.00012455,0,0,0,0,0,0,0,0,0,0,0,0,0,0,0,0,0,0,0,0,0,0,0,0,0,0,0,0,0,0,0,0,0,0,0,0,0,0,0,0,0,0,0,0,0,0,0,0,0,0,0,0,0,0,0,0,0,0,0,0,0,0,0,0,0,0,0,0,0,0,0,0,0,0,0,0,0,0,0,0,0,0,0,0,0,0,0,0,0,0,0,0,0,0,0,0,0,0,0,0,0,0,0,0,0,0,0,0,0,0,0,0,0,0,0,0,0,0,0,0,0,0,0,0,0,0,0,0,0,0,0,0,0,0,0,0,0,0,0,0,0,0,0,0,0,0,0,0,0,0,0,0,0,0,0,0,0,0,0,0,0,0,0,0,0,0,0,0,0,0,0,0,0,0,0,0,0,0,0,0,0,0,0,0,0,0,0,0,0,0,0,0,0,0,0,0,0,0,0,0,0,0,0,0,0,0,0,0,0,0,0,0,0,0,0,0,0,0,0,0,0,0,0,0,0,0,0,0,0,0,0,0,0,0,0,0,0,0,0,0,0,0,0,0,0,0,0,0,0,0,0,0,0,0,0,0,0,0,0,0,0,0,0,0,0,0,0
0,0,0,0.000037805,0.000058121,4.1982e-7,0,0,0,0,0,0,0,0,0.0000046397,0.000037695,0.000024347,0.0000047124,0,0,0,0,0,0.0001066,0.00059839,0.00063644,0.00016359,0.000022818,0.000056257,0,0,0,0,0,0,0,0,0,0,0,0,0,0,0,0,0,0,0,0,0,0,0.0000044015,0.0000024148,0,0.00022521,0.0016741,0.0022266,0.00084924,0.00004221,0,0,0,0,0,0,0,0,0,0,0,0,0,0,0,0,0,0,0,0,0,0,0,0.000021757,0,0,0,0,0,0,0,0,0,0,0,0,0,0,0,0,0,0,0.000058891,0.000090216,0.00011971,0.00017997,0.00036175,0.00042423,0.00045609,0.00041595,0.00035233,0.00028776,0.00026385,0.00021434,0.000203,0.00020499,0.00023543,0.00020696,0.00011038,0.000056755,0.000090831,0.000066082,0.00003128,0,0.000017271,0.00004241,0.0000081494,0,0,0,0,0,0.0000099259,0.000025545,0.000012401,0,0,0,0,0,0,0.0000065086,0.000011844,0,0,0,0,0,0,0,0,0.000011032,0.00003543,0.0000094881,0.000043129,0.00009027,0.000088098,0.00012656,0.00026331,0.00039118,0.00059742,0.0012125,0.0021496,0.0025036,0.0021826,0.0020846,0.0029426,0.0036593,0.0025975,0.0015424,0.0010786,0.00085363,0.00068233,0.00053029,0.00035293,0.00028774,0.00018183,0.000095962,0.000068929,0.00002775,0.000061277,0.000088773,0.000036859,0.000036271,0.000076247,0.000064054,0.0000076835,0.000048244,0.000078751,0.000058993,0.000044201,0.000059465,0.000035601,0.000068352,0.000027195,0,0,0.00020278,0.00041969,0.00040809,0.0005669,0.00051579,0.0004196,0.000451,0.00054979,0.00057528,0.00052749,0.00060763,0.00079476,0.00071922,0.00040621,0.00029458,0.00032675,0.00059146,0.00081018,0.00057305,0.0003462,0.0002209,0.00022204,0.00036121,0.00043528,0.00042377,0.0002979,0.00015357,0.000091407,0.00013762,0.0001776,0.00019477,0.0002718,0.0004796,0.0010747,0.00346,0.0071,0.0064704,0.0037004,0.0025083,0.001826,0.001104,0.00065785,0.00046393,0.00038683,0.00042218,0.00046734,0.00045464,0.00058885,0.00066815,0.00061793,0.00062934,0.00056478,0.00047733,0.00048397,0.00079984,0.0010497,0.0007093,0.00026682,0.0001571,0.00013796,0.00010429,0.000072403,0.000025831,2.5463e-7,5.9841e-7,0,0,0.000039982,0.00012739,0.000080279,0.00002442,0.000067165,0.00010174,0.00006972,0.00016388,0.0002128,0.00020316,0.00013724,0.000046571,0.0000029349,0.000037562,0.00013768,0.00003395,0,0.0001002,0.00016238,0.00022235,0.00011473,0.000083069,0.000076474,0.000015511,0.000043413,0.00012013,0.0000054067,0,0,0.000044155,0.00001548,0.000070654,0.0000024137,0,0,0,0,0,0.00003101,0.0000086057,0,0,0.000028586,0.00010268,0.000064713,0.00003843,0.00012566,0.000096928,0.000038451,0,0,0,0.000042558,0.00011045,0,0,0,0,0.000064662,0.0000098764,2.009e-7,0,0.000068032,0.00025842,0.00043181,0.00034362,0.00040958,0.00035183,0.00024554,0.00023916,0.00016447,0,0,0,1.8067e-7,0,0.0000025505,0.000045445,0,0,0,0.000025534,0,0,0.000023493,1.7715e-7,0,0,0,0,0,0,0,0,0.000092637,0.000026318,0.0000035923,0,0,0,0,0,0,0,0,0,0,0,0,0,0,0,0,0,0,0,0,0,0,0,0.00038635,0.00029989,0,0,0.00010489,0.00008059,0,0,0,0,0.000022,0,0,0,0,0,0,0,0,0.0000083702,0.00012303,0,0,0,0,0,0,0,0,0,0,0,0,0,0,0.00028025,0,0,0,0,0,0,0,0.00013959,0,0,0,0.00027578,0.000065328,0.000077844,0,0,0,0,0,0,0,0,0,0,0,0.000034975,0,0.00013046,0.00027892,0,0,0,0,0,0.0000053178,0,0.0000041302,0,0,0,0,0.000065367,0,0,0,0,0,0,0,0,0.0002384,0,0,0,0,0.00014284,0,0,0,0,0,0,0.00010221,0,0,0,0,0,0,0,0,0,0,0,0,0,0,0,0.00057916,0,0,0,0,0,0,0,0,0,0,0,0,0,0,0,0,0,0,0.000014907,0,0,0
0,0,0,0,0,0,0,0,0,0,0,0,0,0,0,0,0,0,0,0,0,0,0,0,0.0013832,0.001422,0,0,0,0,0,0,0,0,0,0,0,0,0,0,0,0,0,0,0,0,0,0,0,0,0,0,0,0,0,0.0047669,0.0062512,0.0012703,0,0,0,0,0,0,0,0,0,0,0,0,0,0,0,0,0,0,0,0,0,0,0,0,0,0,0,0,0,0,0,0,0,0,0,0,0,0,0,0,0,0,0,0,0,0,0,0,0.0001684,0.00019699,0.00013477,0.000104,0.0000016385,0,0,0,0,0,0,0,0,0,0,0,0,0,0,0,0,0,0,0,0,0,0,0,0,0,0,0,0,0,0,0,0,0,0,0,0,0,0,0,0,0,0,0,0,0,0,0.000004843,0.00030317,0.00095805,0.0025491,0.0049146,0.0057229,0.0049961,0.0051198,0.0087649,0.011657,0.0071186,0.0033959,0.0021794,0.0014418,0.00083376,0.00038763,0.00013759,9.1093e-7,0,0,0,0,0,0,0,0,0,0,0,0,0,0,0,0,0,0,0,0,0,0.0002581,0.00099545,0.00087709,0.0012154,0.00071622,0.00024389,0.00032081,0.00052072,0.00052871,0.00046187,0.00077495,0.0014414,0.0010244,0.00018685,0,0.00021643,0.00088752,0.0012371,0.00060518,0,0,0,0.00011877,0.00047874,0.00037576,0,0,0,0,0,0,0.000095847,0.00074869,0.0028222,0.010402,0.020156,0.017112,0.0093409,0.0062015,0.0041907,0.0021264,0.0008946,0.00032324,0.000084596,0.00004438,0.000093756,0.00021825,0.00035443,0.00044911,0.00052504,0.00052316,0.00050539,0.00044106,0.00054585,0.0011492,0.001556,0.00050297,0,0,0,0,0,0,0,0,0,0,0,0,0,0,0,0,0,0,0,0,0,0,0,0,0,0,0,0,0,0,0,0,0,0,0,0,0,0,0,0,0,0,0,0,0,0,0,0,0,0,0,0,0,0,0,0,0,0,0,0,0,0,0,0,0,0,0,0,0,0,0,0,0,0,0,0,0,0,0,0,0,0,0,0,0,0,0,0,0,0,0,0,0,0,0,0,0,0,0,0,0,0,0,0,0,0,0,0,0,0,0,0,0,0,0,0,0,0,0,0,0,0,0,0,0,0,0,0,0,0,0,0,0,0,0,0,0,0,0,0,0,0,0,0,0,0,0,0,0,0,0,0,0,0,0,0,0,0,0,0,0,0,0,0,0,0,0,0,0,0,0,0,0,0,0,0,0,0,0,0,0,0,0,0,0,0,0,0,0,0,0,0,0,0,0,0,0,0,0,0,0,0,0,0,0,0,0,0,0,0,0,0,0,0,0,0,0,0,0,0,0,0,0,0,0,0,0,0,0,0,0,0,0,0,0,0,0,0,0,0,0,0,0,0,0,0,0,0,0,0,0,0,0,0,0,0,0,0,0,0,0,0,0,0,0,0,0
0,0.000015579,0.0000043586,0,0,0,0,0.000025828,0,0,0,0.0000079436,0,0,0.0000031317,0.000015764,0.000021979,0.000020743,0.000023915,0.000019215,0.000043839,0.000041987,3.3441e-7,0.0003381,0.0014142,0.001513,0.00052233,0.00015471,0.000079967,0.000046579,0.000088052,0.000060647,0.000017582,0.000020943,0.000020223,0.000015211,0.000037749,0.000011242,0.000054795,0.00012484,0.00011008,0.00005224,0.000015475,0.000030055,0.000079543,0.0001086,0.00016357,0.0001212,0.000051419,0.000070588,0.00011659,0.000094008,0.00011887,0.00016725,0.00085225,0.0041372,0.0052416,0.0020542,0.00037193,0.00020912,0.00016803,0.00011413,0.00012592,0.0001272,0.00013062,0.00014909,0.0001602,0.00018085,0.00019696,0.0001535,0.00019588,0.00021219,0.00017584,0.00017259,0.00015064,0.00013541,0.00013714,0.00015837,0.00013892,0.00011755,0.00013689,0.00014676,0.00011413,0.000084867,0.000083035,0.00010168,0.00010198,0.00010902,0.000090058,0.00012605,0.0001581,0.00012665,0.000093988,0.000063601,0.000093069,0.00015558,0.00014907,0.00011701,0.000076878,0.00013252,0.00021295,0.00023814,0.00027494,0.00041665,0.0006022,0.00082597,0.0010243,0.0010585,0.00098498,0.00084871,0.00074374,0.00071113,0.00066741,0.00058678,0.00053631,0.00047409,0.00041604,0.00036588,0.00032539,0.00028396,0.00022746,0.00017749,0.00014681,0.00011743,0.00011741,0.00010141,0.00011941,0.0001272,0.00010574,0.000090998,0.00011281,0.00010485,0.00007044,0.000083756,0.000096666,0.00009358,0.00010263,0.0001065,0.000096214,0.000080863,0.000075265,0.000096165,0.000080027,0.000084468,0.000093379,0.00011301,0.0001157,0.00012638,0.00011234,0.000097226,0.00011216,0.00012246,0.00018184,0.00025133,0.00024165,0.00022978,0.00034635,0.0006209,0.00093108,0.0014351,0.0027441,0.0048636,0.0056286,0.004821,0.0047206,0.0067625,0.0083786,0.0057781,0.0034631,0.0025812,0.0019734,0.0014564,0.001102,0.00083453,0.00062207,0.00044664,0.00032319,0.00029431,0.00026514,0.00020364,0.00018733,0.0001778,0.00016895,0.00015005,0.00013188,0.00014271,0.00011338,0.0001056,0.000073923,0.000078765,0.000094198,0.000039553,0.000044136,0.000079396,0.00010119,0.00018189,0.00068492,0.0011248,0.0010669,0.0013119,0.0011546,0.00096313,0.0010716,0.0012199,0.001256,0.0011529,0.0013445,0.0018831,0.0015591,0.0009348,0.0007888,0.00094638,0.0013264,0.0016667,0.0013032,0.00075844,0.00061871,0.00065251,0.00082981,0.0011362,0.0010998,0.00076137,0.00051757,0.00040946,0.00043221,0.00052437,0.00061242,0.00080665,0.0012357,0.0025698,0.0077955,0.015141,0.013312,0.0075186,0.0052315,0.0039474,0.0025089,0.001555,0.0011369,0.00095473,0.00095798,0.0010166,0.001075,0.0011531,0.0012738,0.0013061,0.0012988,0.0012994,0.0012308,0.0012685,0.0017307,0.0021011,0.0013105,0.00055952,0.00033147,0.0002891,0.00031144,0.00022768,0.0001865,0.00016632,0.00014012,0.00011267,0.00017534,0.00019728,0.00017645,0.00017042,0.00017742,0.00013838,0.00018528,0.00025882,0.00052367,0.0005482,0.00037805,0.00031872,0.00025989,0.0002053,0.00017666,0.00021541,0.00021385,0.00013862,0.000090522,0.00013392,0.00032754,0.00034119,0.0002056,0.00014861,0.00012097,0.00012024,0.000052014,0.000082494,0.000085083,0.000031419,0.000036759,0.000085839,0.000082886,0.0000077822,0,0.000046431,0.000022453,0.000010938,0.000079419,0.00013519,0.000090515,0.000062761,0.00011981,0.00010742,0.000084793,0.0002496,0.00030919,0.00023574,0.00006066,0,0,0.0001477,0.00022368,0.000091318,0,0,0,0.000052913,0.00007235,0.0000010507,0.00003958,0.000062752,0.00011715,0.00029892,0.00059276,0.00083933,0.00090968,0.0010158,0.00064383,0.00046429,0.00070306,0.00062323,0.00028863,0.000094022,0,0,0,0.000021058,0.0000057774,0,0,0,0,0.000070424,0.000073128,0,0,0,0.000063032,0.000019715,0,0,0,0,0,0,0,0,0,0,0,0,0.000029286,0,0,0,0.000023607,0,0,0.000025567,0.000012143,0,0,0,0,0,0,0,0,0.000033061,0.000036639,0.000085241,0.0000033216,0,0,0,8.422e-7,0,0,0,0,0,0,0,0,0,0,0,0,0.0000066495,0.000039157,0.0000023161,0,0,0,0,0,0,0,0,0,0,0,0,0,0.0000043697,0,0,0.0000043359,0,0.000033018,0,0,0,0,0,0,0.00002103,0,0,0.0002731,0.0000050988,0,0,0,0,0,0,0,0,0,0,0,0,0,0,0.0000052294,0,0.00010172,0.000011678,0.000093536,0,0,0,0,0,0,0,0.000014005,0,0,0,0,0,0,0,0,0,0,0,0,0,0,0,0.000004109,0,0,0,0,0.000057636,0.000025044,0,0,0.000050008,0,0,0,0,0,0,0,0,0,0,0,0,0,0,0,0,0,0,0,0,0,0,0,0,0,0,0,0,0,0,0,0,0,0
0.00048276,0.00053165,0.00048877,0.00038999,0.00032198,0.00035501,0.00041083,0.00033521,0.00026697,0.00028788,0.00033906,0.00045856,0.00044123,0.00040468,0.00050821,0.00055809,0.00058004,0.00071139,0.00076323,0.00079109,0.00094532,0.0011999,0.0017287,0.010782,0.041107,0.04431,0.015596,0.0065651,0.0061021,0.0036321,0.0025458,0.002707,0.002951,0.0030867,0.0033319,0.003677,0.0040342,0.0043818,0.0045859,0.0047963,0.005154,0.0056956,0.0060773,0.0064413,0.0067568,0.0071118,0.0076241,0.0080916,0.0085877,0.0090014,0.0094746,0.010122,0.010661,0.011849,0.025589,0.096963,0.12598,0.056047,0.018051,0.013797,0.013037,0.012837,0.012824,0.012796,0.012855,0.012968,0.01305,0.012998,0.012834,0.012799,0.012822,0.012747,0.012619,0.012563,0.012369,0.012247,0.012108,0.012043,0.011917,0.011642,0.011485,0.011382,0.011184,0.010742,0.010358,0.01023,0.0099257,0.0096277,0.009502,0.0094167,0.0090837,0.0089031,0.0086974,0.0083944,0.0083955,0.0082693,0.0079056,0.007709,0.0077812,0.0079831,0.0085744,0.0096363,0.011629,0.015107,0.019552,0.024681,0.028992,0.030179,0.028474,0.025744,0.023233,0.021727,0.020181,0.0182,0.016378,0.014755,0.013505,0.012427,0.011181,0.0097313,0.008564,0.0075324,0.0067348,0.0062572,0.0058751,0.005685,0.0055397,0.0054971,0.0055556,0.0056865,0.005766,0.0057842,0.0058423,0.0058513,0.0057551,0.0055899,0.0055414,0.0055213,0.0053385,0.0051592,0.0050628,0.0049203,0.0047617,0.0046593,0.0045893,0.0044862,0.004465,0.0044886,0.0044777,0.00447,0.0044933,0.0047035,0.0054805,0.0069464,0.0074887,0.0079631,0.010596,0.016304,0.024029,0.036895,0.067302,0.11077,0.13046,0.12739,0.12723,0.13905,0.14533,0.12223,0.08603,0.066072,0.05162,0.039537,0.030598,0.023483,0.017413,0.01244,0.0093589,0.0076192,0.0064455,0.0055314,0.0048807,0.0044102,0.0040909,0.0037345,0.0034202,0.0031313,0.0028922,0.0028234,0.0027536,0.0026247,0.0023813,0.0022061,0.002247,0.0023072,0.0025339,0.0043083,0.015856,0.026721,0.02495,0.030605,0.027028,0.021527,0.023919,0.029835,0.031489,0.02924,0.031356,0.039937,0.034827,0.022647,0.01877,0.020245,0.026419,0.031422,0.024423,0.015334,0.012295,0.012447,0.015435,0.019901,0.019206,0.013831,0.0097512,0.008267,0.0085973,0.0095473,0.011218,0.014907,0.022967,0.045129,0.11775,0.19218,0.18686,0.13193,0.094747,0.072294,0.047552,0.031077,0.02373,0.021552,0.02259,0.023834,0.023688,0.024374,0.025117,0.025329,0.025034,0.023795,0.022231,0.023061,0.030837,0.036466,0.024118,0.010949,0.0065104,0.0052778,0.0047354,0.0042779,0.0038071,0.0034947,0.003311,0.0032468,0.0033446,0.0035192,0.0036134,0.0035419,0.0034091,0.0033982,0.0036726,0.0052024,0.0090627,0.0096067,0.0066753,0.0056815,0.0048322,0.0037574,0.0034323,0.0037179,0.0038842,0.0030299,0.0024593,0.0031824,0.0055787,0.0058365,0.0039337,0.0027623,0.0025151,0.0025658,0.0024917,0.0023286,0.0021864,0.0021779,0.0021802,0.0019243,0.0017652,0.0016723,0.0017182,0.0016848,0.001773,0.0018195,0.0020495,0.002243,0.0020605,0.001776,0.0017309,0.00189,0.0028309,0.0047686,0.0056206,0.003696,0.0019375,0.0013955,0.0013404,0.0030355,0.0038344,0.0020202,0.0010248,0.0006657,0.00045307,0.00039089,0.00061418,0.00065907,0.00073417,0.0011058,0.0020586,0.004028,0.0088378,0.013315,0.013799,0.01496,0.010022,0.0070719,0.011536,0.010012,0.0036133,0.00091104,0.00034002,0.00020304,0.00024044,0.00014599,0.00019288,0.00023134,0.000012086,0,0,0.00020008,0.00010435,0.000001528,0.000051233,0,0.00030031,0.00020159,0.000025618,0,0,0,0,0,0.0002057,0.00015875,0,0.00001975,0.000088025,0.00018631,0,0,0,0,0,0,0.00036162,0.00087855,0.00037165,0,0,0,0,0,0,0,0,0,0,0.00045632,0.0010803,0,0,0,0,0,0,0,0,0.000064901,0,0,0,0,0,0,0,0,0,0,0,0,0,0,0,0,0,0,0,0,0,0,0,0,0,0,0,0.00031188,0,0,0,0,0,0,0,0.00060744,0.00091535,0.0013058,0.0010106,0,0,0,0,0,0,0,0,0,0,0,0,0,0,0,0,0,0,0,0,0,0,0,0,0,0,0,0,0,0,0,0,0,0,0,0,0,0,0,0,0,0,0,0,0,0,0,0,0,0,0,0,0,0,0,0,0,0.00012082,0.0021654,0.00006947,0,0,0,0,0,0,0,0,0,0,0,0,0,0,0,0,0,0,0,0,0,0,0,0,0,0,0