0.14089,0.14345,0.14601,0.14857,0.15113,0.1537,0.15665,0.15961,0.16256,0.16552,0.16847,0.17123,0.17399,0.17675,0.17951,0.18227,0.18522,0.18818,0.19113,0.19409,0.19704,0.20039,0.20374,0.20709,0.21044,0.21379,0.21596,0.21813,0.2203,0.22246,0.22463,0.22798,0.23133,0.23468,0.23803,0.24138,0.24453,0.24768,0.25084,0.25399,0.25714,0.2601,0.26305,0.26601,0.26897,0.27192,0.27468,0.27744,0.2802,0.28296,0.28571,0.28847,0.29123,0.29399,0.29675,0.29951,0.30227,0.30502,0.30778,0.31054,0.3133,0.31586,0.31842,0.32098,0.32355,0.32611,0.32887,0.33163,0.33438,0.33714,0.3399,0.34305,0.34621,0.34936,0.35251,0.35567,0.35921,0.36276,0.36631,0.36985,0.3734,0.37734,0.38128,0.38522,0.38916,0.3931,0.39724,0.40138,0.40552,0.40965,0.41379,0.41813,0.42246,0.4268,0.43113,0.43547,0.43901,0.44256,0.44611,0.44966,0.4532,0.45675,0.4603,0.46384,0.46739,0.47094,0.47389,0.47685,0.4798,0.48276,0.48571,0.48847,0.49123,0.49399,0.49675,0.49951,0.50108,0.50266,0.50424,0.50581,0.50739,0.50897,0.51054,0.51212,0.51369,0.51527,0.51626,0.51724,0.51823,0.51921,0.5202,0.52118,0.52217,0.52315,0.52414,0.52512,0.52611,0.52709,0.52808,0.52906,0.53005,0.53123,0.53241,0.5336,0.53478,0.53596,0.53754,0.53911,0.54069,0.54227,0.54384,0.54601,0.54818,0.55034,0.55251,0.55468,0.55744,0.5602,0.56296,0.56571,0.56847,0.57182,0.57517,0.57852,0.58187,0.58522,0.58877,0.59232,0.59586,0.59941,0.60296,0.6069,0.61084,0.61478,0.61872,0.62266,0.62621,0.62975,0.6333,0.63685,0.64039,0.64414,0.64788,0.65163,0.65537,0.65911,0.66227,0.66542,0.66857,0.67172,0.67488,0.67764,0.68039,0.68315,0.68591,0.68867,0.69064,0.69261,0.69458,0.69655,0.69852,0.69931,0.7001,0.70089,0.70167,0.70246,0.70266,0.70286,0.70305,0.70325,0.70345,0.70246,0.70148,0.70049,0.69951,0.69852,0.69635,0.69419,0.69202,0.68985,0.68768,0.68493,0.68217,0.67941,0.67665,0.67389,0.67015,0.6664,0.66266,0.65892,0.65517,0.65084,0.6465,0.64217,0.63783,0.6335,0.62897,0.62443,0.6199,0.61537,0.61084,0.60591,0.60098,0.59606,0.59113,0.58621,0.58168,0.57714,0.57261,0.56808,0.56355,0.55961,0.55567,0.55172,0.54778,0.54384,0.54069,0.53754,0.53438,0.53123,0.52808,0.52552,0.52296,0.52039,0.51783,0.51527,0.51409,0.51291,0.51172,0.51054,0.50936,0.50916,0.50897,0.50877,0.50857,0.50837,0.50956,0.51074,0.51192,0.5131,0.51429,0.51626,0.51823,0.5202,0.52217,0.52414,0.52729,0.53044,0.5336,0.53675,0.5399,0.54424,0.54857,0.55291,0.55724,0.56158,0.5665,0.57143,0.57635,0.58128,0.58621,0.59212,0.59803,0.60394,0.60985,0.61576,0.62227,0.62877,0.63527,0.64177,0.64828,0.65517,0.66207,0.66897,0.67586,0.68276,0.69025,0.69773,0.70522,0.71271,0.7202,0.72749,0.73478,0.74207,0.74936,0.75665,0.76414,0.77163,0.77911,0.7866,0.79409,0.80138,0.80867,0.81596,0.82325,0.83054,0.83685,0.84315,0.84946,0.85576,0.86207,0.86837,0.87468,0.88099,0.88729,0.8936,0.8997,0.90581,0.91192,0.91803,0.92414,0.92887,0.9336,0.93833,0.94305,0.94778,0.95153,0.95527,0.95901,0.96276,0.9665,0.97084,0.97517,0.97951,0.98384,0.98818,0.98956,0.99094,0.99232,0.99369,0.99507,0.99606,0.99704,0.99803,0.99901,1.0,0.99901,0.99803,0.99704,0.99606,0.99507,0.99586,0.99665,0.99744,0.99823,0.99901,0.99803,0.99704,0.99606,0.99507,0.99409,0.98995,0.98581,0.98167,0.97754,0.9734,0.9734,0.9734,0.9734,0.9734,0.9734,
0.027695,0.029318,0.030941,0.032565,0.034188,0.035811,0.036097,0.036384,0.03667,0.036957,0.037243,0.03803,0.038817,0.039605,0.040392,0.041179,0.042518,0.043857,0.045195,0.046534,0.047873,0.049135,0.050398,0.05166,0.052923,0.054185,0.055875,0.057566,0.059256,0.060947,0.062637,0.064181,0.065726,0.06727,0.068815,0.070359,0.071401,0.072443,0.073484,0.074526,0.075568,0.076865,0.078162,0.07946,0.080757,0.082054,0.083243,0.084432,0.085622,0.086811,0.088,0.089168,0.090337,0.091505,0.092674,0.093842,0.095226,0.09661,0.097994,0.099378,0.10076,0.10287,0.10498,0.10708,0.10919,0.1113,0.11279,0.11429,0.11579,0.11729,0.11879,0.12044,0.12209,0.12375,0.1254,0.12705,0.12869,0.13033,0.13197,0.13361,0.13525,0.13671,0.13817,0.13963,0.14109,0.14255,0.1447,0.14685,0.14901,0.15116,0.15331,0.15511,0.1569,0.1587,0.16049,0.16229,0.16394,0.1656,0.16725,0.16891,0.17056,0.17222,0.17388,0.17554,0.17719,0.17885,0.18089,0.18292,0.18496,0.187,0.18903,0.19107,0.19311,0.19515,0.1972,0.19924,0.20203,0.20483,0.20762,0.21042,0.21321,0.21572,0.21823,0.22074,0.22325,0.22576,0.22842,0.23108,0.23374,0.2364,0.23906,0.24171,0.24436,0.24701,0.24965,0.2523,0.25498,0.25766,0.26034,0.26302,0.26571,0.26853,0.27136,0.27418,0.27701,0.27984,0.28271,0.28559,0.28847,0.29135,0.29422,0.29707,0.29992,0.30276,0.30561,0.30845,0.31137,0.31428,0.31719,0.3201,0.32301,0.326,0.32898,0.33197,0.33495,0.33794,0.34074,0.34355,0.34635,0.34915,0.35196,0.35497,0.35799,0.361,0.36402,0.36704,0.37067,0.3743,0.37793,0.38156,0.38519,0.38811,0.39103,0.39395,0.39687,0.3998,0.40305,0.4063,0.40955,0.4128,0.41605,0.41945,0.42285,0.42625,0.42965,0.43305,0.43639,0.43974,0.44308,0.44642,0.44977,0.45314,0.45652,0.45989,0.46327,0.46664,0.46971,0.47278,0.47585,0.47892,0.48199,0.48508,0.48816,0.49125,0.49433,0.49742,0.50105,0.50469,0.50833,0.51197,0.5156,0.51846,0.52131,0.52417,0.52702,0.52988,0.53371,0.53755,0.54138,0.54522,0.54905,0.55197,0.55489,0.55782,0.56074,0.56366,0.56731,0.57096,0.57461,0.57826,0.58191,0.58492,0.58794,0.59096,0.59397,0.59699,0.59983,0.60268,0.60552,0.60837,0.61121,0.61457,0.61792,0.62128,0.62464,0.62799,0.63107,0.63414,0.63722,0.64029,0.64336,0.64674,0.65012,0.65349,0.65687,0.66024,0.66426,0.66827,0.67229,0.67631,0.68033,0.68298,0.68563,0.68828,0.69093,0.69359,0.69707,0.70055,0.70404,0.70752,0.71101,0.7142,0.71738,0.72057,0.72376,0.72695,0.7306,0.73425,0.7379,0.74155,0.7452,0.74716,0.74913,0.75109,0.75306,0.75502,0.75866,0.7623,0.76594,0.76958,0.77322,0.77615,0.77908,0.782,0.78493,0.78786,0.79069,0.79352,0.79635,0.79918,0.80201,0.80509,0.80817,0.81125,0.81433,0.81741,0.8202,0.82299,0.82579,0.82858,0.83138,0.83506,0.83875,0.84243,0.84612,0.84981,0.85223,0.85464,0.85707,0.85949,0.86191,0.86462,0.86733,0.87004,0.87275,0.87546,0.8787,0.88194,0.88518,0.88842,0.89166,0.89299,0.89432,0.89565,0.89698,0.8983,0.89992,0.90154,0.90316,0.90478,0.9064,0.909,0.91161,0.91422,0.91682,0.91943,0.92083,0.92223,0.92363,0.92503,0.92643,0.92895,0.93148,0.934,0.93652,0.93904,0.94163,0.94422,0.94681,0.9494,0.95199,0.95232,0.95265,0.95298,0.95332,0.95365,0.95552,0.9574,0.95927,0.96115,0.96302,0.96506,0.9671,0.96914,0.97118,0.97321,0.97511,0.97701,0.9789,0.9808,0.9827,0.98616,0.98962,0.99308,0.99654,1.0,0.99973,0.99946,0.9992,0.99893,0.99866,
0.027974,0.029295,0.030616,0.031936,0.033257,0.034578,0.035901,0.037223,0.038546,0.039868,0.041191,0.042434,0.043676,0.044919,0.046161,0.047404,0.048697,0.04999,0.051283,0.052576,0.053869,0.055279,0.05669,0.0581,0.059511,0.060921,0.06239,0.06386,0.065329,0.066799,0.068268,0.069698,0.071127,0.072557,0.073986,0.075416,0.076733,0.078049,0.079366,0.080682,0.081999,0.08327,0.084541,0.085811,0.087082,0.088353,0.089693,0.091032,0.092372,0.093711,0.095051,0.096519,0.097986,0.099454,0.10092,0.10239,0.10393,0.10548,0.10702,0.10857,0.11012,0.11168,0.11325,0.11482,0.11639,0.11796,0.11951,0.12106,0.12261,0.12417,0.12572,0.12735,0.12899,0.13063,0.13226,0.1339,0.13574,0.13759,0.13943,0.14128,0.14312,0.14514,0.14716,0.14918,0.1512,0.15323,0.15529,0.15736,0.15942,0.16149,0.16356,0.16564,0.16772,0.16981,0.17189,0.17397,0.1761,0.17823,0.18036,0.18249,0.18462,0.18681,0.18899,0.19118,0.19336,0.19555,0.19782,0.20008,0.20235,0.20462,0.20688,0.20924,0.2116,0.21395,0.21631,0.21867,0.2211,0.22353,0.22597,0.2284,0.23083,0.23333,0.23583,0.23832,0.24082,0.24332,0.24587,0.24843,0.25098,0.25354,0.25609,0.25871,0.26133,0.26394,0.26656,0.26918,0.27187,0.27457,0.27727,0.27996,0.28266,0.2854,0.28814,0.29087,0.29361,0.29635,0.29909,0.30182,0.30456,0.30729,0.31003,0.31273,0.31543,0.31813,0.32083,0.32353,0.32625,0.32897,0.33169,0.33441,0.33713,0.33994,0.34275,0.34556,0.34837,0.35118,0.35414,0.3571,0.36006,0.36302,0.36598,0.36907,0.37216,0.37525,0.37834,0.38143,0.38459,0.38775,0.39091,0.39407,0.39723,0.40044,0.40364,0.40685,0.41005,0.41325,0.41655,0.41986,0.42316,0.42646,0.42976,0.43304,0.43632,0.4396,0.44288,0.44617,0.44931,0.45245,0.45559,0.45873,0.46187,0.46492,0.46796,0.471,0.47404,0.47708,0.4801,0.48312,0.48613,0.48915,0.49217,0.4952,0.49823,0.50127,0.5043,0.50733,0.51035,0.51337,0.51639,0.51941,0.52242,0.5255,0.52858,0.53165,0.53473,0.5378,0.54101,0.54422,0.54743,0.55064,0.55385,0.55715,0.56046,0.56376,0.56707,0.57037,0.57364,0.57691,0.58018,0.58344,0.58671,0.58986,0.59301,0.59616,0.59931,0.60246,0.60555,0.60864,0.61174,0.61483,0.61792,0.62102,0.62412,0.62722,0.63032,0.63342,0.6366,0.63978,0.64296,0.64614,0.64932,0.65259,0.65587,0.65914,0.66242,0.6657,0.66891,0.67212,0.67534,0.67855,0.68176,0.68483,0.6879,0.69097,0.69403,0.6971,0.70008,0.70305,0.70602,0.709,0.71197,0.71483,0.71769,0.72055,0.72341,0.72627,0.72899,0.73171,0.73443,0.73715,0.73987,0.74259,0.7453,0.74802,0.75074,0.75346,0.7563,0.75914,0.76199,0.76483,0.76767,0.77058,0.77348,0.77639,0.7793,0.7822,0.78507,0.78793,0.7908,0.79366,0.79653,0.79926,0.802,0.80474,0.80748,0.81022,0.81288,0.81553,0.81819,0.82085,0.82351,0.82619,0.82887,0.83154,0.83422,0.8369,0.83962,0.84234,0.84506,0.84778,0.8505,0.85312,0.85575,0.85838,0.861,0.86363,0.8661,0.86857,0.87104,0.87351,0.87599,0.87836,0.88073,0.88311,0.88548,0.88785,0.89018,0.8925,0.89482,0.89715,0.89947,0.90174,0.90401,0.90628,0.90855,0.91082,0.91294,0.91506,0.91719,0.91931,0.92143,0.92323,0.92503,0.92683,0.92863,0.93043,0.9325,0.93458,0.93665,0.93873,0.94081,0.94391,0.94701,0.95011,0.95321,0.95631,0.95863,0.96095,0.96327,0.96558,0.9679,0.96981,0.97171,0.97362,0.97553,0.97743,0.97899,0.98054,0.9821,0.98365,0.9852,0.98662,0.98804,0.98946,0.99088,0.9923,0.99384,0.99538,0.99692,0.99846,1.0,
0.007067,0.0074204,0.0077738,0.0081272,0.0084806,0.008834,0.0095406,0.010247,0.010954,0.01166,0.012367,0.013427,0.014487,0.015548,0.016608,0.017668,0.019435,0.021202,0.022968,0.024735,0.026502,0.028975,0.031449,0.033922,0.036396,0.038869,0.042049,0.045229,0.04841,0.05159,0.05477,0.057244,0.059717,0.062191,0.064664,0.067138,0.069611,0.072085,0.074558,0.077032,0.079505,0.081625,0.083745,0.085866,0.087986,0.090106,0.092226,0.094346,0.096467,0.098587,0.10071,0.10247,0.10424,0.10601,0.10777,0.10954,0.11166,0.11378,0.1159,0.11802,0.12014,0.12191,0.12367,0.12544,0.12721,0.12898,0.1311,0.13322,0.13534,0.13746,0.13958,0.1417,0.14382,0.14594,0.14806,0.15018,0.1523,0.15442,0.15654,0.15866,0.16078,0.1629,0.16502,0.16714,0.16926,0.17138,0.1735,0.17562,0.17774,0.17986,0.18198,0.18445,0.18693,0.1894,0.19187,0.19435,0.19647,0.19859,0.20071,0.20283,0.20495,0.20777,0.2106,0.21343,0.21625,0.21908,0.2212,0.22332,0.22544,0.22756,0.22968,0.23216,0.23463,0.2371,0.23958,0.24205,0.24452,0.247,0.24947,0.25194,0.25442,0.25654,0.25866,0.26078,0.2629,0.26502,0.26784,0.27067,0.2735,0.27633,0.27915,0.28198,0.28481,0.28763,0.29046,0.29329,0.29576,0.29823,0.30071,0.30318,0.30565,0.30777,0.30989,0.31201,0.31413,0.31625,0.31943,0.32261,0.32579,0.32897,0.33215,0.33463,0.3371,0.33958,0.34205,0.34452,0.3477,0.35088,0.35406,0.35724,0.36042,0.36325,0.36608,0.3689,0.37173,0.37456,0.37739,0.38021,0.38304,0.38587,0.38869,0.39152,0.39435,0.39717,0.4,0.40283,0.4053,0.40777,0.41025,0.41272,0.41519,0.41837,0.42155,0.42473,0.42791,0.4311,0.43392,0.43675,0.43958,0.4424,0.44523,0.44841,0.45159,0.45477,0.45795,0.46113,0.46431,0.46749,0.47067,0.47385,0.47703,0.47986,0.48269,0.48551,0.48834,0.49117,0.49435,0.49753,0.50071,0.50389,0.50707,0.51025,0.51343,0.51661,0.51979,0.52297,0.52615,0.52933,0.53251,0.53569,0.53887,0.5417,0.54452,0.54735,0.55018,0.553,0.55618,0.55936,0.56254,0.56572,0.5689,0.57173,0.57456,0.57739,0.58021,0.58304,0.58587,0.58869,0.59152,0.59435,0.59717,0.60035,0.60353,0.60671,0.60989,0.61307,0.61625,0.61943,0.62261,0.62579,0.62897,0.63216,0.63534,0.63852,0.6417,0.64488,0.64806,0.65124,0.65442,0.6576,0.66078,0.6636,0.66643,0.66926,0.67208,0.67491,0.67845,0.68198,0.68551,0.68905,0.69258,0.69576,0.69894,0.70212,0.7053,0.70848,0.71131,0.71413,0.71696,0.71979,0.72262,0.7258,0.72898,0.73216,0.73534,0.73852,0.74099,0.74346,0.74594,0.74841,0.75088,0.75371,0.75654,0.75936,0.76219,0.76502,0.76749,0.76996,0.77244,0.77491,0.77738,0.78021,0.78304,0.78587,0.78869,0.79152,0.79435,0.79717,0.8,0.80283,0.80565,0.80813,0.8106,0.81307,0.81555,0.81802,0.82085,0.82367,0.8265,0.82933,0.83215,0.83428,0.8364,0.83852,0.84064,0.84276,0.84558,0.84841,0.85124,0.85406,0.85689,0.85866,0.86042,0.86219,0.86396,0.86572,0.86784,0.86996,0.87208,0.8742,0.87633,0.87809,0.87986,0.88163,0.88339,0.88516,0.88728,0.8894,0.89152,0.89364,0.89576,0.89753,0.89929,0.90106,0.90283,0.90459,0.90777,0.91095,0.91413,0.91731,0.92049,0.92403,0.92756,0.9311,0.93463,0.93816,0.94099,0.94382,0.94664,0.94947,0.9523,0.95477,0.95724,0.95972,0.96219,0.96466,0.96643,0.9682,0.96996,0.97173,0.9735,0.97703,0.98057,0.9841,0.98763,0.99117,0.99223,0.99329,0.99435,0.99541,0.99647,0.99717,0.99788,0.99859,0.99929,1.0,0.99965,0.99929,0.99894,0.99859,0.99823,
0.031192,0.032283,0.033374,0.034466,0.035557,0.036648,0.038181,0.039715,0.041248,0.042782,0.044315,0.046126,0.047937,0.049747,0.051558,0.053369,0.055645,0.057921,0.060197,0.062473,0.064749,0.066905,0.069061,0.071216,0.073372,0.075528,0.077369,0.079209,0.08105,0.08289,0.084731,0.086595,0.08846,0.090324,0.092189,0.094053,0.096063,0.098073,0.10008,0.10209,0.1041,0.10603,0.10795,0.10987,0.1118,0.11372,0.11564,0.11756,0.11948,0.1214,0.12332,0.12544,0.12757,0.12969,0.13181,0.13394,0.13619,0.13844,0.14069,0.14293,0.14518,0.1475,0.14981,0.15213,0.15444,0.15676,0.15915,0.16155,0.16395,0.16635,0.16875,0.17131,0.17386,0.17642,0.17898,0.18154,0.18349,0.18545,0.18741,0.18937,0.19133,0.19277,0.19422,0.19566,0.19711,0.19856,0.20099,0.20342,0.20585,0.20829,0.21072,0.21368,0.21664,0.2196,0.22256,0.22552,0.22886,0.23219,0.23553,0.23887,0.2422,0.24528,0.24835,0.25143,0.25451,0.25758,0.26037,0.26315,0.26594,0.26872,0.2715,0.27427,0.27703,0.27979,0.28255,0.28532,0.2883,0.29129,0.29428,0.29727,0.30026,0.30369,0.30712,0.31055,0.31398,0.31741,0.32093,0.32444,0.32795,0.33147,0.33498,0.33815,0.34131,0.34447,0.34764,0.3508,0.35375,0.35669,0.35964,0.36258,0.36552,0.36843,0.37134,0.37425,0.37715,0.38006,0.38286,0.38567,0.38847,0.39127,0.39408,0.39714,0.4002,0.40326,0.40632,0.40939,0.41327,0.41716,0.42105,0.42494,0.42883,0.43253,0.43622,0.43991,0.44361,0.4473,0.45044,0.45359,0.45673,0.45987,0.46301,0.46629,0.46957,0.47285,0.47613,0.47941,0.48287,0.48634,0.48981,0.49327,0.49674,0.50016,0.50357,0.50699,0.5104,0.51382,0.51706,0.5203,0.52353,0.52677,0.53001,0.53318,0.53634,0.53951,0.54267,0.54584,0.54906,0.55228,0.55551,0.55873,0.56195,0.56491,0.56787,0.57083,0.57379,0.57675,0.57957,0.58238,0.5852,0.58801,0.59082,0.59409,0.59736,0.60063,0.60389,0.60716,0.61065,0.61413,0.61762,0.62111,0.6246,0.62817,0.63174,0.63531,0.63888,0.64245,0.6462,0.64995,0.6537,0.65745,0.6612,0.66499,0.66878,0.67257,0.67636,0.68015,0.68377,0.68739,0.691,0.69462,0.69824,0.70161,0.70498,0.70835,0.71172,0.71509,0.71832,0.72155,0.72478,0.72801,0.73123,0.73431,0.73739,0.74047,0.74355,0.74663,0.74954,0.75244,0.75535,0.75826,0.76117,0.76391,0.76664,0.76938,0.77212,0.77486,0.77753,0.7802,0.78287,0.78554,0.78822,0.79093,0.79364,0.79636,0.79907,0.80178,0.80474,0.8077,0.81066,0.81362,0.81658,0.81912,0.82166,0.8242,0.82674,0.82928,0.83112,0.83297,0.83481,0.83666,0.8385,0.84022,0.84194,0.84366,0.84538,0.8471,0.84903,0.85096,0.85289,0.85483,0.85676,0.85882,0.86087,0.86293,0.86499,0.86705,0.86926,0.87147,0.87369,0.8759,0.87811,0.88048,0.88284,0.8852,0.88756,0.88993,0.89239,0.89486,0.89732,0.89979,0.90225,0.90486,0.90746,0.91007,0.91267,0.91528,0.91816,0.92103,0.92391,0.92679,0.92966,0.9325,0.93534,0.93818,0.94102,0.94386,0.94643,0.949,0.95156,0.95413,0.9567,0.95891,0.96112,0.96332,0.96553,0.96774,0.96971,0.97168,0.97366,0.97563,0.9776,0.979,0.98039,0.98179,0.98318,0.98458,0.98557,0.98656,0.98755,0.98854,0.98953,0.99032,0.99111,0.9919,0.99269,0.99348,0.99424,0.995,0.99576,0.99651,0.99727,0.9978,0.99833,0.99885,0.99938,0.99991,0.99993,0.99994,0.99996,0.99998,1.0,0.99988,0.99977,0.99965,0.99953,0.99942,0.99829,0.99716,0.99603,0.9949,0.99377,0.99248,0.99119,0.9899,0.98861,0.98732,0.98603,0.98474,0.98344,0.98215,0.98085,
0.028976,0.030687,0.032398,0.034109,0.03582,0.037531,0.039671,0.041811,0.043951,0.046091,0.048231,0.051244,0.054258,0.057271,0.060285,0.063298,0.066651,0.070004,0.073357,0.07671,0.080063,0.083194,0.086325,0.089455,0.092586,0.095717,0.098108,0.1005,0.10289,0.10528,0.10767,0.11016,0.11265,0.11514,0.11763,0.12013,0.12289,0.12565,0.12841,0.13117,0.13394,0.13674,0.13954,0.14234,0.14515,0.14795,0.15078,0.1536,0.15643,0.15925,0.16208,0.16487,0.16765,0.17044,0.17323,0.17601,0.17867,0.18133,0.18398,0.18664,0.18929,0.19196,0.19462,0.19728,0.19995,0.20261,0.20549,0.20837,0.21125,0.21413,0.21701,0.22015,0.22328,0.22642,0.22956,0.2327,0.23591,0.23913,0.24235,0.24557,0.24879,0.25194,0.25509,0.25824,0.26139,0.26454,0.26767,0.2708,0.27393,0.27707,0.2802,0.28338,0.28657,0.28976,0.29294,0.29613,0.29939,0.30264,0.3059,0.30916,0.31241,0.31577,0.31912,0.32247,0.32583,0.32918,0.33283,0.33649,0.34014,0.34379,0.34745,0.3515,0.35554,0.35959,0.36364,0.36769,0.37179,0.37589,0.38,0.3841,0.3882,0.39201,0.39581,0.39962,0.40343,0.40723,0.41082,0.4144,0.41799,0.42157,0.42516,0.4287,0.43225,0.43579,0.43933,0.44288,0.44645,0.45002,0.45359,0.45717,0.46074,0.46432,0.46789,0.47147,0.47505,0.47862,0.48236,0.4861,0.48983,0.49357,0.49731,0.50123,0.50515,0.50907,0.513,0.51692,0.52097,0.52502,0.52907,0.53312,0.53718,0.54133,0.54548,0.54963,0.55378,0.55794,0.56226,0.56659,0.57091,0.57524,0.57956,0.58394,0.58831,0.59269,0.59706,0.60144,0.60568,0.60993,0.61418,0.61842,0.62267,0.62668,0.63068,0.63469,0.63869,0.6427,0.64663,0.65056,0.6545,0.65843,0.66236,0.66647,0.67057,0.67468,0.67878,0.68289,0.68735,0.69182,0.69629,0.70076,0.70522,0.70965,0.71407,0.71849,0.72292,0.72734,0.73135,0.73535,0.73936,0.74336,0.74736,0.75115,0.75494,0.75872,0.76251,0.76629,0.77002,0.77374,0.77747,0.78119,0.78491,0.78866,0.7924,0.79614,0.79988,0.80363,0.8072,0.81078,0.81435,0.81792,0.8215,0.82474,0.82799,0.83123,0.83447,0.83772,0.84079,0.84386,0.84693,0.84999,0.85306,0.85617,0.85928,0.86238,0.86549,0.8686,0.87177,0.87495,0.87812,0.8813,0.88447,0.8875,0.89053,0.89356,0.8966,0.89963,0.90244,0.90525,0.90806,0.91088,0.91369,0.91636,0.91903,0.92171,0.92438,0.92705,0.92959,0.93213,0.93467,0.93722,0.93976,0.94214,0.94452,0.94691,0.94929,0.95168,0.9539,0.95613,0.95836,0.96058,0.96281,0.96487,0.96693,0.96899,0.97106,0.97312,0.97451,0.9759,0.9773,0.97869,0.98008,0.98114,0.9822,0.98325,0.98431,0.98537,0.98645,0.98754,0.98862,0.98971,0.9908,0.99186,0.99292,0.99398,0.99504,0.9961,0.9966,0.9971,0.9976,0.9981,0.9986,0.99888,0.99916,0.99944,0.99972,1.0,0.99996,0.99992,0.99988,0.99984,0.9998,0.99954,0.99929,0.99903,0.99877,0.99852,0.99813,0.99775,0.99737,0.99699,0.99661,0.99582,0.99502,0.99423,0.99344,0.99265,0.9915,0.99035,0.98921,0.98806,0.98692,0.98565,0.98438,0.98311,0.98184,0.98057,0.97898,0.97738,0.97579,0.9742,0.97261,0.97058,0.96855,0.96653,0.9645,0.96247,0.95997,0.95746,0.95496,0.95245,0.94995,0.94753,0.94511,0.94268,0.94026,0.93784,0.93535,0.93286,0.93037,0.92787,0.92538,0.92272,0.92006,0.91741,0.91475,0.91209,0.90923,0.90636,0.9035,0.90063,0.89777,0.8944,0.89104,0.88768,0.88432,0.88096,0.87713,0.8733,0.86947,0.86564,0.86181,0.8581,0.85439,0.85068,0.84697,0.84326,0.83959,0.83591,0.83224,0.82857,0.82489,
0,0.0,0.0,0.0,0.0,0.0,0.002,0.004,0.006,0.008,0.01,0.012,0.014,0.016,0.018,0.02,0.024,0.028,0.032,0.036,0.04,0.044,0.048,0.052,0.056,0.06,0.064,0.068,0.072,0.076,0.08,0.084,0.088,0.092,0.096,0.1,0.104,0.108,0.112,0.116,0.12,0.122,0.124,0.126,0.128,0.13,0.132,0.134,0.136,0.138,0.14,0.144,0.148,0.152,0.156,0.16,0.162,0.164,0.166,0.168,0.17,0.174,0.178,0.182,0.186,0.19,0.194,0.198,0.202,0.206,0.21,0.212,0.214,0.216,0.218,0.22,0.226,0.232,0.238,0.244,0.25,0.252,0.254,0.256,0.258,0.26,0.266,0.272,0.278,0.284,0.29,0.294,0.298,0.302,0.306,0.31,0.312,0.314,0.316,0.318,0.32,0.324,0.328,0.332,0.336,0.34,0.344,0.348,0.352,0.356,0.36,0.364,0.368,0.372,0.376,0.38,0.386,0.392,0.398,0.404,0.41,0.412,0.414,0.416,0.418,0.42,0.426,0.432,0.438,0.444,0.45,0.456,0.462,0.468,0.474,0.48,0.484,0.488,0.492,0.496,0.5,0.506,0.512,0.518,0.524,0.53,0.534,0.538,0.542,0.546,0.55,0.556,0.562,0.568,0.574,0.58,0.586,0.592,0.598,0.604,0.61,0.616,0.622,0.628,0.634,0.64,0.644,0.648,0.652,0.656,0.66,0.664,0.668,0.672,0.676,0.68,0.684,0.688,0.692,0.696,0.7,0.702,0.704,0.706,0.708,0.71,0.714,0.718,0.722,0.726,0.73,0.732,0.734,0.736,0.738,0.74,0.742,0.744,0.746,0.748,0.75,0.754,0.758,0.762,0.766,0.77,0.77,0.77,0.77,0.77,0.77,0.774,0.778,0.782,0.786,0.79,0.792,0.794,0.796,0.798,0.8,0.802,0.804,0.806,0.808,0.81,0.814,0.818,0.822,0.826,0.83,0.834,0.838,0.842,0.846,0.85,0.852,0.854,0.856,0.858,0.86,0.864,0.868,0.872,0.876,0.88,0.884,0.888,0.892,0.896,0.9,0.904,0.908,0.912,0.916,0.92,0.924,0.928,0.932,0.936,0.94,0.942,0.944,0.946,0.948,0.95,0.954,0.958,0.962,0.966,0.97,0.972,0.974,0.976,0.978,0.98,0.982,0.984,0.986,0.988,0.99,0.99,0.99,0.99,0.99,0.99,0.992,0.994,0.996,0.998,1.0,1.0,1.0,1.0,1.0,1.0,1.0,1.0,1.0,1.0,1.0,0.998,0.996,0.994,0.992,0.99,0.988,0.986,0.984,0.982,0.98,0.978,0.976,0.974,0.972,0.97,0.968,0.966,0.964,0.962,0.96,0.956,0.952,0.948,0.944,0.94,0.938,0.936,0.934,0.932,0.93,0.926,0.922,0.918,0.914,0.91,0.906,0.902,0.898,0.894,0.89,0.888,0.886,0.884,0.882,0.88,0.878,0.876,0.874,0.872,0.87,0.868,0.866,0.864,0.862,0.86,0.862,0.864,0.866,0.868,0.87,0.87,0.87,0.87,0.87,0.87,0.874,0.878,0.882,0.886,0.89,0.892,0.894,0.896,0.898,0.9,0.902,0.904,0.906,0.908,0.91,0.914,0.918,0.922,0.926,0.93,0.932,0.934,0.936,0.938,0.94,0.942,0.944,0.946,0.948,0.95,0.954,0.958,0.962,0.966,0.97,
0.009494,0.01076,0.012026,0.013291,0.014557,0.015823,0.015823,0.015823,0.015823,0.015823,0.015823,0.016772,0.017722,0.018671,0.019621,0.02057,0.021836,0.023102,0.024367,0.025633,0.026899,0.028165,0.029431,0.030696,0.031962,0.033228,0.03481,0.036392,0.037975,0.039557,0.041139,0.042405,0.043671,0.044936,0.046202,0.047468,0.049367,0.051266,0.053164,0.055063,0.056962,0.057911,0.058861,0.05981,0.06076,0.061709,0.062975,0.064241,0.065506,0.066772,0.068038,0.06962,0.071202,0.072785,0.074367,0.075949,0.077531,0.079114,0.080696,0.082279,0.083861,0.085443,0.087025,0.088608,0.09019,0.091772,0.093354,0.094937,0.096519,0.098102,0.099684,0.10158,0.10348,0.10538,0.10728,0.10918,0.11076,0.11234,0.11392,0.11551,0.11709,0.11899,0.12089,0.12278,0.12468,0.12658,0.12848,0.13038,0.13228,0.13418,0.13608,0.13829,0.14051,0.14272,0.14494,0.14715,0.14905,0.15095,0.15285,0.15475,0.15665,0.15854,0.16044,0.16234,0.16424,0.16614,0.16867,0.1712,0.17373,0.17627,0.1788,0.18133,0.18386,0.18639,0.18892,0.19146,0.19367,0.19589,0.1981,0.20032,0.20253,0.20475,0.20696,0.20918,0.21139,0.21361,0.21614,0.21867,0.2212,0.22373,0.22627,0.2288,0.23133,0.23386,0.23639,0.23892,0.24177,0.24462,0.24747,0.25032,0.25316,0.2557,0.25823,0.26076,0.26329,0.26582,0.26835,0.27089,0.27342,0.27595,0.27848,0.28133,0.28418,0.28703,0.28987,0.29272,0.29557,0.29842,0.30127,0.30411,0.30696,0.30981,0.31266,0.31551,0.31835,0.3212,0.32437,0.32753,0.3307,0.33386,0.33703,0.33956,0.34209,0.34462,0.34715,0.34968,0.35285,0.35601,0.35918,0.36234,0.36551,0.36835,0.3712,0.37405,0.3769,0.37975,0.3826,0.38544,0.38829,0.39114,0.39399,0.39715,0.40032,0.40348,0.40665,0.40981,0.41297,0.41614,0.4193,0.42247,0.42563,0.4288,0.43196,0.43513,0.43829,0.44146,0.44462,0.44778,0.45095,0.45411,0.45728,0.46044,0.46361,0.46677,0.46994,0.4731,0.47627,0.47943,0.48259,0.48576,0.48892,0.49209,0.49525,0.49842,0.50158,0.50475,0.50791,0.51108,0.51424,0.51741,0.52057,0.52405,0.52753,0.53101,0.53449,0.53797,0.54114,0.5443,0.54747,0.55063,0.5538,0.55665,0.55949,0.56234,0.56519,0.56804,0.57089,0.57373,0.57658,0.57943,0.58228,0.58639,0.59051,0.59462,0.59873,0.60285,0.6057,0.60854,0.61139,0.61424,0.61709,0.62057,0.62405,0.62753,0.63101,0.63449,0.63734,0.64019,0.64304,0.64589,0.64873,0.65221,0.6557,0.65918,0.66266,0.66614,0.66962,0.6731,0.67658,0.68006,0.68354,0.68639,0.68924,0.69209,0.69494,0.69778,0.70095,0.70411,0.70728,0.71044,0.71361,0.71614,0.71867,0.7212,0.72373,0.72627,0.72975,0.73323,0.73671,0.74019,0.74367,0.7462,0.74873,0.75127,0.7538,0.75633,0.75918,0.76203,0.76487,0.76772,0.77057,0.77342,0.77627,0.77911,0.78196,0.78481,0.78766,0.79051,0.79335,0.7962,0.79905,0.8019,0.80475,0.80759,0.81044,0.81329,0.81614,0.81899,0.82184,0.82468,0.82753,0.83038,0.83323,0.83608,0.83892,0.84177,0.8443,0.84684,0.84937,0.8519,0.85443,0.85696,0.85949,0.86203,0.86456,0.86709,0.87025,0.87342,0.87658,0.87975,0.88291,0.88544,0.88797,0.89051,0.89304,0.89557,0.89747,0.89937,0.90127,0.90316,0.90506,0.90823,0.91139,0.91456,0.91772,0.92089,0.92405,0.92722,0.93038,0.93354,0.93671,0.93797,0.93924,0.94051,0.94177,0.94304,0.94589,0.94873,0.95158,0.95443,0.95728,0.95918,0.96108,0.96297,0.96487,0.96677,0.9693,0.97184,0.97437,0.9769,0.97943,0.98101,0.98259,0.98418,0.98576,0.98734,0.98987,0.99241,0.99494,0.99747,1.0,
0.0271,0.027397586828764586,0.02795978518235076,0.028673190121589753,0.02942439670724184,0.030100000000067628,0.0307,0.0313,0.031900000000000005,0.0325,0.033100000000000004,0.03367097674421346,0.03421293023258551,0.03476939534886456,0.035383906976771407,0.03610000000002722,0.03700490743764007,0.038101047894375906,0.03930473463227696,0.04053228091344213,0.041699999999970705,0.042804756756759356,0.043902378378380943,0.04499762162162416,0.046095243243245765,0.0472000000000025,0.048291142342342525,0.049365535135135225,0.050454356756756746,0.05158878558558541,0.05279999999999968,0.054128045070426956,0.055560135211271844,0.05704820281690537,0.05854418028169389,0.060000000000003495,0.061422649569054764,0.06284428673533607,0.0642545991170893,0.06564327433256131,0.06699999999999881,0.06830322658240767,0.06956090362783732,0.07080696738205877,0.07207535409085053,0.07339999999999078,0.07497592690165344,0.07678287559569918,0.07853186083885988,0.07993389738797485,0.08069999999988187,0.08096976094296415,0.08112711415437102,0.08124958689425177,0.08141470642272552,0.08169999999991218,0.08295125750029353,0.08552430487472673,0.08876172349907652,0.09200609474898869,0.0946000000001117,0.09654622322752787,0.09831923043033813,0.09996912601936153,0.10154601440557542,0.10309999999995662,0.10464310152569153,0.10614622177454354,0.10759779126054558,0.10898624049769559,0.11029999999999153,0.11152169238174114,0.11266600737773164,0.1137694761828641,0.1148686299920062,0.11600000000002564,0.1171685929855619,0.1183501927497824,0.11953749602122365,0.12072319952844443,0.12190000000000356,0.12303452815626054,0.12413168703293942,0.12524158183147438,0.12641431775333056,0.12769999999997295,0.12924193737135048,0.13102318354277975,0.13285346102849505,0.13454249234278204,0.13589999999992552,0.13687925861302075,0.13765579183892052,0.13837269575834577,0.13917306645187133,0.14020000000007338,0.14158599589570198,0.14331649128430868,0.14531398872504453,0.14750099077717294,0.14979999999995863,0.1523378234616486,0.1552104539917749,0.15829417279100855,0.16146526106011727,0.1645999999998662,0.16779126829029423,0.1711234152607608,0.17445992808601285,0.17766429394079752,0.18059999999986198,0.18331862433875645,0.18593282675296252,0.18839771699778063,0.1906684048283926,0.19269999999997972,0.19455061467335932,0.19628734150753002,0.19787876100501728,0.19929345366833368,0.20049999999999185,0.2015839876922083,0.20260956307682376,0.20351314461528525,0.20423115076913145,0.20469999999990063,0.2050107692307524,0.2052846153845987,0.20550307692306027,0.20564769230767588,0.2056999999999836,0.2043272000016252,0.20105360000161454,0.19714640000160522,0.19387280000159635,0.19250000000158352,0.1935562086962328,0.19617262608754338,0.19952093913102864,0.2027728347832074,0.2051000000006038,0.20671996521717384,0.20828546086934718,0.2096209739128252,0.21055099130412902,0.2108999999997807,0.2092567999979984,0.2053383999979843,0.20066159999797506,0.19674319999796808,0.1950999999979608,0.19540630136982573,0.19627890410955118,0.19764835616434506,0.19944520547941336,0.2015999999999607,0.2068752639779845,0.21672905221518945,0.2291352084615923,0.24206757647077026,0.2534999999963077,0.26377303266222096,0.274242618943358,0.2844056888937301,0.293759172562968,0.30180000000070084,0.3087348842924404,0.3150964816711011,0.32087063690354023,0.3260431947573187,0.33059999999999745,0.3345581168185703,0.3380532978247124,0.3412494204214229,0.34431036201199117,0.34739999999970417,0.3505813465927452,0.35374970539300543,0.35681739089698605,0.35969671760070665,0.3623000000001855,0.36493026031723286,0.3676795428569166,0.3701436952378687,0.3719185650791408,0.37259999999977733,0.3707854484570161,0.36570034537033447,0.35788251805531957,0.34786979382698924,0.336200000000348,0.30750540615167665,0.2568950819233464,0.20062205460820337,0.15493935152139215,0.13609999997802902,0.13642492973008036,0.13728278918953807,0.13849818378413215,0.139895718919266,0.14130000000034615,0.14316188108185912,0.14565061621699016,0.14816841081158216,0.1501174702710415,0.15090000000076564,0.14666719999193134,0.13657359999191954,0.12452639999192172,0.11443279999191702,0.1101999999919201,0.1141347849137162,0.12447635475215435,0.13903053213098815,0.15560313967140615,0.1719999999945756,0.18980781137069513,0.21094232100612942,0.2337029249562157,0.2563890192708769,0.27729999999998256,0.29659471178760555,0.31545226821942673,0.33370246875739573,0.35117511286354297,0.3676999999998989,0.3834836272942286,0.39872575171575786,0.4132460624902645,0.4268642488432435,0.4394000000001905,0.4504396098343353,0.46024151354121656,0.46963361233115286,0.47944380741419046,0.49050000000037386,0.5047095275444846,0.5216623925452524,0.5387104937734719,0.5532057300008972,0.5624999999993392,0.5675231649086463,0.5713241909570463,0.5744336345509957,0.5773820520965529,0.5806999999997693,0.5843102713926878,0.5878593359172397,0.5914632647454363,0.5952381290490818,0.5992999999999808,0.603899746340371,0.6089943614218418,0.6142591033334028,0.6193692301635005,0.6240000000005681,0.6281268119189394,0.631997022912951,0.6356938279474496,0.639300421987939,0.6428999999999192,0.6464211505512916,0.6498108896704675,0.6531800535139811,0.656639478238318,0.6602999999999635,0.6642638831437582,0.6684700306314353,0.6727842365474528,0.677072294975793,0.681200000000437,0.685308433075134,0.6894899476056384,0.6935372455982787,0.6972430290604148,0.7003999999994015,0.7029366711556619,0.7050778550500532,0.7070607033668868,0.7091223677893277,0.7115000000005516,0.7144316882057291,0.7177934646159816,0.7212793969236762,0.7245835528211115,0.7274000000005962,0.7300315938471744,0.7327340430779401,0.7351306953856298,0.7368448984625537,0.737500000001015,0.73678240000066,0.7350712000006716,0.7330288000006888,0.7313176000006969,0.7306000000007131,0.7319416000012211,0.7351408000012292,0.7389592000012364,0.7421584000012444,0.7435000000012515,0.7422832000007702,0.7393816000007583,0.7359184000007524,0.7330168000007582,0.7318000000007565,0.7331703373738563,0.7368070121153671,0.7419985181714921,0.7480333494861178,0.7542000000030988,0.761377965066881,0.7703514254851171,0.7802659033689672,0.7902669208345969,0.7994999999981403,0.8081915333711578,0.8169214592531553,0.8253656184492826,0.8331998517634194,0.8400999999994365,0.8460994247283677,0.8515442110284424,0.8565792849640257,0.8613495725995293,0.8659999999993699,0.8705179815494009,0.8748273774842987,0.8789777826444274,0.8830187918696566,0.8869999999998592,0.8914514252930843,0.8963448688390088,0.900892599739656,0.9043068870943749,0.9058000000024826,0.9060059938463398,0.9061220430771089,0.9062050953848018,0.9063120984617259,0.9065000000001875,0.907209493333001,0.9085436799996742,0.9100531199996809,0.9112883733330222,0.9117999999996904,0.9115787319501859,0.9109321958506009,0.9098862937759126,0.9084669278008088,0.9066999999999794,0.9003586286223566,0.886342375501286,0.8663668080671485,0.8421474937540694,0.8153999999962522,0.7716729722867512,0.7061105900977509,0.6348217217567935,0.5739152356043178,0.5394999999812171,0.5245936079495621,0.5118968089433515,0.5020432059619786,0.49566640198682066,0.49339999999923734,0.49485439367062156,0.4987271810057017,0.5042827715070253,0.5107855746732461,0.5175000000030536,0.5246523827062166,0.533135100626545,0.5432116271934433,0.5551454358400125,0.569199999999368,0.5894344270235905,0.617399961422521,0.6495982823036996,0.6825310687858632,0.7126999999879047,0.7409504434500462,0.7696302544374589,0.7974948436975282,0.8232996219702287,0.8457999999954708,0.8652842156485026,0.8830486691681987,0.8993610148635298,0.9144889070391677,0.9286999999997931,0.9431019346908158,0.9576715103280904,0.9709801186196714,0.9815991512739473,0.9880999999994273,0.991621598878714,0.9943821318380399,0.9965718653583782,0.9983810659193866,1.000000000000731,
0.033467,0.034116,0.034765,0.035413,0.036062,0.036711,0.037574,0.038438,0.039301,0.040165,0.041028,0.041932,0.042836,0.043739,0.044643,0.045547,0.046562,0.047577,0.048593,0.049608,0.050623,0.051745,0.052868,0.05399,0.055113,0.056235,0.057433,0.058631,0.059828,0.061026,0.062224,0.063455,0.064687,0.065918,0.06715,0.068381,0.069603,0.070825,0.072047,0.073269,0.074491,0.07584,0.07719,0.078539,0.079889,0.081238,0.081681,0.082124,0.082568,0.083011,0.083454,0.085677,0.0879,0.090122,0.092345,0.094568,0.09656,0.098553,0.10055,0.10254,0.10453,0.1064,0.10827,0.11014,0.11201,0.11388,0.11544,0.117,0.11856,0.12013,0.12169,0.1232,0.12472,0.12624,0.12775,0.12927,0.13084,0.13241,0.13398,0.13555,0.13712,0.13905,0.14097,0.1429,0.14482,0.14675,0.14829,0.14982,0.15136,0.1529,0.15444,0.1562,0.15797,0.15974,0.1615,0.16327,0.16588,0.1685,0.17111,0.17372,0.17633,0.17966,0.18299,0.18631,0.18964,0.19296,0.19581,0.19865,0.20149,0.20434,0.20718,0.20919,0.2112,0.21321,0.21521,0.21722,0.2186,0.21997,0.22135,0.22272,0.2241,0.22519,0.22629,0.22738,0.22847,0.22957,0.22873,0.22789,0.22706,0.22622,0.22539,0.22633,0.22727,0.22821,0.22915,0.23009,0.23369,0.2373,0.24091,0.24451,0.24812,0.24479,0.24145,0.23812,0.23479,0.23145,0.23239,0.23332,0.23426,0.23519,0.23612,0.24384,0.25155,0.25926,0.26697,0.27468,0.28437,0.29405,0.30373,0.31341,0.3231,0.32917,0.33525,0.34133,0.3474,0.35348,0.35716,0.36084,0.36452,0.3682,0.37188,0.37478,0.37768,0.38059,0.38349,0.38639,0.3888,0.3912,0.39361,0.39602,0.39842,0.39682,0.39522,0.39363,0.39203,0.39043,0.35892,0.32742,0.29591,0.26441,0.2329,0.2226,0.2123,0.202,0.1917,0.1814,0.18687,0.19234,0.19781,0.20328,0.20875,0.19493,0.18112,0.16731,0.1535,0.13969,0.15287,0.16606,0.17924,0.19242,0.2056,0.22401,0.24242,0.26083,0.27924,0.29765,0.31633,0.33501,0.35368,0.37236,0.39104,0.40609,0.42115,0.4362,0.45126,0.46631,0.47561,0.4849,0.49419,0.50348,0.51277,0.52512,0.53747,0.54981,0.56216,0.5745,0.5801,0.5857,0.59129,0.59689,0.60249,0.60528,0.60808,0.61087,0.61366,0.61646,0.61981,0.62316,0.62651,0.62986,0.63321,0.63719,0.64117,0.64516,0.64914,0.65312,0.657,0.66088,0.66476,0.66864,0.67253,0.67605,0.67958,0.68311,0.68664,0.69017,0.69353,0.6969,0.70027,0.70363,0.707,0.71038,0.71376,0.71714,0.72052,0.7239,0.72695,0.73001,0.73306,0.73612,0.73917,0.7418,0.74442,0.74705,0.74967,0.7523,0.75415,0.75601,0.75786,0.75972,0.76157,0.76315,0.76473,0.76631,0.76789,0.76947,0.76983,0.7702,0.77056,0.77093,0.77129,0.77126,0.77123,0.7712,0.77117,0.77114,0.77731,0.78348,0.78966,0.79583,0.802,0.80819,0.81439,0.82059,0.82678,0.83298,0.83776,0.84255,0.84733,0.85212,0.8569,0.86053,0.86417,0.8678,0.87143,0.87506,0.87822,0.88137,0.88453,0.88768,0.89084,0.8932,0.89556,0.89792,0.90028,0.90265,0.90385,0.90505,0.90626,0.90746,0.90866,0.90873,0.90881,0.90888,0.90895,0.90902,0.90245,0.89589,0.88932,0.88276,0.87619,0.84349,0.81079,0.77808,0.74538,0.71268,0.68301,0.65334,0.62367,0.594,0.56433,0.56979,0.57524,0.58069,0.58614,0.5916,0.59159,0.59159,0.59158,0.59158,0.59157,0.61204,0.63251,0.65297,0.67344,0.69391,0.71805,0.7422,0.76634,0.79048,0.81463,0.8317,0.84877,0.86585,0.88292,0.89999,0.91245,0.9249,0.93736,0.94982,0.96227,0.96915,0.97602,0.9829,0.98978,0.99665,0.99732,0.99799,0.99866,0.99933,1.0,
0.031022825301345272,0.031470576499432745,0.032378991162317905,0.03354754785228187,0.03477572513151017,0.035863001562190244,0.036814994943705916,0.037765518390770414,0.03870634343804665,0.03962924162029189,0.04052598447226339,0.04138995963913842,0.04222773792297489,0.04305086559383215,0.04387088892177299,0.044699354176860176,0.04551944418870432,0.046323463107450474,0.04713663918389219,0.04798420066883585,0.04889137581308786,0.049920389591835646,0.05106068292595911,0.05222830798487704,0.05333931693799432,0.054309761954716596,0.05510545745216516,0.05579618328619396,0.056453939784210316,0.057150727273639346,0.057958546081905704,0.05894026606683078,0.060065245734898576,0.06126521838666532,0.06247191732266216,0.06361707584342013,0.06468815840414412,0.06573122431679615,0.06676589916708439,0.06781180854070955,0.06888857802337243,0.07005689794354164,0.07130446686432357,0.07254142272293129,0.07367790345665814,0.07462404700279757,0.07534767061713354,0.07593755171935124,0.0764852684929227,0.07708239912126136,0.07782052178777987,0.07874930560994761,0.0798440533432962,0.081084793628519,0.08245155510627503,0.08392436641722326,0.08565202525991267,0.08768646366228894,0.08986241175871745,0.09201459968363324,0.0939777575714722,0.09576780217147898,0.09750195358381544,0.09916689696956367,0.10074931748975677,0.10223590030542795,0.10361055440759653,0.10489227154236958,0.10612036100356392,0.10733413208496867,0.10857289408037302,0.10984113501119937,0.1111126515879495,0.1123807161378721,0.11363860098824484,0.11487957846634544,0.11606776977901967,0.11720795854300403,0.11835441070032787,0.11956139219303552,0.12088316896317197,0.122422492079995,0.1241585720018501,0.12596036375357422,0.12769682236015512,0.1292369028465823,0.13056812960509484,0.13179315479907322,0.13295362511098524,0.13409118722316038,0.1352474878179269,0.1363683435424078,0.13742615624640098,0.13850245041647136,0.13967875053914314,0.14103658110094142,0.14266116334264384,0.1445462949823781,0.14663636522315665,0.14887576326790675,0.1512088783195562,0.1537797994739747,0.15665064661375694,0.1596428551201683,0.16257786037479427,0.16527709775922217,0.16778299006425706,0.17022554870724937,0.17255759201082715,0.17473193829739503,0.17670140588935712,0.1784960799126331,0.180175074216071,0.18173475020642887,0.18317146929047184,0.184481592874965,0.1856681235184875,0.18675413849998307,0.18776611130676463,0.18873051542614488,0.1896738243454365,0.1907242907975093,0.19186757131266097,0.1929162450734494,0.19368289126259386,0.19398008906281516,0.19372076501355284,0.19309095140301702,0.19231288603552477,0.19160880671567737,0.19120095124807568,0.1910241745620127,0.1908711292586247,0.19075074965271327,0.1906719700586369,0.19064372479075398,0.19238809074245822,0.19654773262536906,0.20151246648561383,0.20567210836852823,0.20741647431941956,0.20591603832727046,0.20233807558450323,0.19806760392377853,0.1944896411810113,0.19298920519210583,0.19307603826391742,0.19332841555420585,0.19373415418861215,0.1942810712903482,0.1949569839826259,0.1973042780235641,0.20225702466956008,0.20889056928277405,0.21628025722692001,0.22350143386570842,0.2312383931514681,0.24021687284555604,0.24957438403008503,0.2584484377862566,0.26597654519529,0.2723157395176427,0.27818358352216777,0.2835583825562805,0.2884184419667405,0.2927420671003072,0.29656128187164565,0.2999928520961028,0.303142195970447,0.3061147316916317,0.30901587745660875,0.3118761095821893,0.31463905229238054,0.31727984564619865,0.31977362970242995,0.32209554451986067,0.3245299648551203,0.32711353344358063,0.3294497923094868,0.331142283477563,0.3317945489725389,0.3316452909951423,0.3312040877624005,0.33048079532595354,0.3294852697369929,0.32822736704670963,0.3173824198986921,0.2925404964938281,0.2610835562864793,0.23039355871871692,0.2078524632326264,0.19137483615333295,0.17522915902242886,0.16132826404354716,0.15158498343179616,0.14791214940229835,0.15065308806647693,0.15718917255972542,0.16499030566459538,0.17152639015785098,0.17426732881630613,0.16813974028630696,0.15352779838706,0.13608773870085145,0.12147579680159026,0.11534820826318537,0.11859162083048602,0.12703018412529232,0.1387263864453132,0.15174271610493406,0.1641416614184834,0.1762993423928778,0.18964823278315723,0.20383535153610666,0.21850771759666632,0.23331234990976313,0.24871521315538203,0.26497778335606625,0.2814403464756836,0.29744318847718,0.3123265953234924,0.3264583357746158,0.3403441964358027,0.3535314900350013,0.36556752930067304,0.3759996269612902,0.38458946709032915,0.39190394389407857,0.3986981852989757,0.4057273192316888,0.4137464736188985,0.42364415398785127,0.4350104149576062,0.44665270809383273,0.45737848496199973,0.46599519712752624,0.47293496594679807,0.4793071125856967,0.4849348883261504,0.4896415444496953,0.4932503322378561,0.49588153465676577,0.4979568875196634,0.49975182137920626,0.5015417667879696,0.5036021542985276,0.5059325180964784,0.5083594061253729,0.5108987695724753,0.513566559625455,0.5163787274719813,0.5194399707463697,0.5227597900907819,0.5262113412055558,0.5296677797908695,0.5330022615468994,0.5362174441093662,0.539398913041231,0.5425442159324949,0.5456509003733472,0.5487165139539766,0.5517392958081352,0.5547220803361929,0.5576693080282367,0.5605854193743589,0.5634748548646519,0.5663331152689652,0.5691579659491004,0.5719572442830355,0.5747387876487564,0.5775104334242486,0.5802740846403684,0.5830247173419932,0.585759778428247,0.5884767147982342,0.5911729733510593,0.5939251088925377,0.5967351473078688,0.5994887421161179,0.6020715468361919,0.6043692149869946,0.6064156062333682,0.6083214615840792,0.6100877565729961,0.6117154667341556,0.6132055676015942,0.6145168385859567,0.6156712470048347,0.616764550252566,0.6178925057235118,0.6191508708120299,0.6206986329173132,0.6224827879385453,0.6242811060188398,0.6258713573015431,0.6270313119299953,0.6279013718207627,0.6287169209416685,0.6293982025150946,0.6298654597630251,0.6300389359074505,0.6296291529674161,0.6286519782687634,0.6274856729832692,0.6265084982846094,0.6260987153464637,0.6277337830828706,0.6319458411065071,0.6376951716308348,0.6439420568707845,0.6496467790413014,0.655009448448542,0.6607363651535145,0.6665470960223114,0.6721612079175934,0.6772982677020201,0.6820205043064282,0.6865485057818428,0.6908393776705759,0.6948502255150573,0.6985381548577148,0.7018980378308664,0.7050019244564543,0.7079226871094586,0.7107331981652005,0.713506329999003,0.7162807569928693,0.7190136550624213,0.7216556488841321,0.7241573631343439,0.7264694224893982,0.7286515943949712,0.7307573746444711,0.7327279804379618,0.7345046289751211,0.7360285374556252,0.7374705392405891,0.7389164396002101,0.7401799135930407,0.7410746362784977,0.7414142827160033,0.7413781630889589,0.7412714177600541,0.7410964670611536,0.7408557313234817,0.7405516308782626,0.7388831452262501,0.7348019839503266,0.7286896625018358,0.7209276963326712,0.7118976008947335,0.6950929855244397,0.6672486275562335,0.6336077942989959,0.5994137530870489,0.5699097712547996,0.5416901578399234,0.5111457329055042,0.4832145303124378,0.4628345839237227,0.4549439276023577,0.4576281271139635,0.4640289104950739,0.47166855517573936,0.47806933855686395,0.48075353803923804,0.48064199948674524,0.4803760229415497,0.48005856706502614,0.47979259051983236,0.4796810519686221,0.48578888500196626,0.5014859341179942,0.5228325243170104,0.5458889806036495,0.5667156279824894,0.5857484500863492,0.6056378568792766,0.6257658128689023,0.6455142825617344,0.66426523046432,0.6818580084333039,0.6987455018458686,0.7152299755145428,0.731613694247244,0.7481989228518877,0.7649856613275509,0.7817723998041544,0.7985591382807579,0.8153458767573614,0.8321326152339649,0.8489193537105695,0.8657060921871729,0.8824928306637764,0.8992795691403798,0.9160663076169833,0.9328530460935852,0.9496397845701887,0.9664265230467921,0.9832132615233956,0.9999999999999991,
0.037727,0.038741,0.039755,0.040768,0.041782,0.042796,0.043995,0.045193,0.046392,0.04759,0.048789,0.049688,0.050586,0.051485,0.052383,0.053282,0.054295,0.055308,0.056322,0.057335,0.058348,0.059587,0.060826,0.062064,0.063303,0.064542,0.065474,0.066406,0.067339,0.068271,0.069203,0.070495,0.071786,0.073078,0.074369,0.075661,0.076921,0.07818,0.07944,0.080699,0.081959,0.083277,0.084596,0.085914,0.087233,0.088551,0.089354,0.090157,0.09096,0.091763,0.092566,0.093989,0.095412,0.096836,0.098259,0.099682,0.10198,0.10428,0.10658,0.10887,0.11117,0.11307,0.11496,0.11685,0.11875,0.12064,0.12216,0.12368,0.12519,0.12671,0.12823,0.12973,0.13124,0.13275,0.13425,0.13576,0.13709,0.13842,0.13975,0.14108,0.14241,0.14439,0.14637,0.14835,0.15033,0.15231,0.15373,0.15515,0.15656,0.15798,0.1594,0.16071,0.16201,0.16332,0.16463,0.16593,0.16828,0.17063,0.17298,0.17532,0.17767,0.18097,0.18427,0.18757,0.19087,0.19417,0.1969,0.19962,0.20234,0.20507,0.20779,0.20962,0.21146,0.21329,0.21513,0.21696,0.21812,0.21928,0.22044,0.2216,0.22276,0.22372,0.22467,0.22563,0.22659,0.22754,0.22694,0.22633,0.22572,0.22512,0.22451,0.22423,0.22395,0.22366,0.22338,0.2231,0.22693,0.23076,0.23459,0.23841,0.24224,0.23887,0.2355,0.23213,0.22875,0.22538,0.22572,0.22606,0.2264,0.22674,0.22708,0.23363,0.24018,0.24672,0.25327,0.25981,0.26969,0.27956,0.28943,0.29931,0.30918,0.3155,0.32181,0.32813,0.33445,0.34076,0.34454,0.34832,0.3521,0.35588,0.35966,0.36272,0.36578,0.36883,0.37189,0.37495,0.37706,0.37917,0.38128,0.3834,0.38551,0.38459,0.38367,0.38275,0.38183,0.38091,0.35303,0.32514,0.29725,0.26937,0.24148,0.22721,0.21294,0.19867,0.18439,0.17012,0.1759,0.18167,0.18744,0.19321,0.19899,0.18562,0.17225,0.15889,0.14552,0.13215,0.14291,0.15366,0.16442,0.17517,0.18593,0.20161,0.21728,0.23296,0.24863,0.26431,0.28226,0.30022,0.31817,0.33613,0.35408,0.36889,0.38369,0.39849,0.41329,0.42809,0.437,0.44591,0.45483,0.46374,0.47265,0.48519,0.49773,0.51027,0.52281,0.53535,0.54175,0.54815,0.55454,0.56094,0.56734,0.56959,0.57183,0.57408,0.57633,0.57857,0.58145,0.58432,0.58719,0.59006,0.59293,0.59659,0.60025,0.60391,0.60758,0.61124,0.61471,0.61819,0.62166,0.62514,0.62862,0.63191,0.6352,0.6385,0.64179,0.64509,0.64817,0.65124,0.65432,0.6574,0.66048,0.66348,0.66648,0.66948,0.67248,0.67548,0.67828,0.68109,0.68389,0.6867,0.6895,0.69146,0.69342,0.69537,0.69733,0.69929,0.70052,0.70175,0.70297,0.7042,0.70543,0.70711,0.70878,0.71045,0.71213,0.7138,0.71433,0.71486,0.71539,0.71593,0.71646,0.71541,0.71436,0.71331,0.71227,0.71122,0.71615,0.72108,0.72601,0.73094,0.73588,0.74196,0.74804,0.75413,0.76021,0.76629,0.77099,0.77568,0.78038,0.78507,0.78977,0.79297,0.79617,0.79937,0.80257,0.80577,0.80856,0.81135,0.81414,0.81693,0.81972,0.82164,0.82356,0.82548,0.8274,0.82932,0.83031,0.83131,0.8323,0.83329,0.83428,0.83399,0.8337,0.83341,0.83312,0.83283,0.82622,0.81961,0.813,0.80639,0.79978,0.76786,0.73593,0.70401,0.67208,0.64016,0.61402,0.58788,0.56175,0.53561,0.50948,0.51477,0.52006,0.52536,0.53065,0.53594,0.5354,0.53485,0.5343,0.53375,0.53321,0.55251,0.57181,0.59112,0.61042,0.62972,0.65129,0.67286,0.69442,0.71599,0.73755,0.75224,0.76693,0.78161,0.7963,0.81099,0.82359,0.83619,0.84879,0.86139,0.87399,0.88659,0.89919,0.91179,0.9244,0.937,0.9496,0.9622,0.9748,0.9874,1.0,
0,0.0,0.0,0.0,0.0,0.0,0.0,0.0,0.0,0.0,0.0,0.0,0.0,0.0,0.0,0.0,0.060928333259425926,0.20792779982679122,0.3873200997524009,0.5454269331105479,0.6285699999756957,0.6524533796724636,0.6700196386458241,0.683448207782801,0.6949185179464017,0.7066099999996691,0.7187152915766171,0.7299844207869273,0.740432904208928,0.7500762584206186,0.7589299999999984,0.7672323892937092,0.7751014389340374,0.7823722939275162,0.7888800992806675,0.7944600000000123,0.7989845697494,0.8027465131633917,0.8062111717025009,0.8098438868276197,0.8141099999996415,0.8194010189624108,0.8254903456677556,0.8319161628920329,0.8382166534109632,0.8439300000002636,0.849156237438799,0.8542325096565254,0.8590526631549017,0.8635105444355524,0.8675000000001007,0.8709571500849336,0.8740220204061235,0.8768943156849052,0.8797737406424968,0.8828600000001181,0.8862924959055059,0.8899427939592948,0.8936088440602237,0.8970885961073649,0.9001799999997879,0.9029772691720859,0.9056543517786707,0.908128799799183,0.9103181652131108,0.9121399999999417,0.9137206163851328,0.9151919449957822,0.9164799654138358,0.9175106572212406,0.9182099999999432,0.9186372695078406,0.9189454147735007,0.9192009252852456,0.9194702905313306,0.9198200000000105,0.9202679078886756,0.9207836699747606,0.9213614781165055,0.9219955241721655,0.9226799999999954,0.9236155229865171,0.9248228633598514,0.9260264422398516,0.9269506807465189,0.9273199999998529,0.9272044044780223,0.926894813434149,0.9264470201512442,0.9259168179122126,0.9253599999999581,0.9245628429834487,0.9234443625354625,0.9222594605958432,0.9212630391042098,0.9207100000001853,0.9205011964179161,0.920350845970155,0.9202338973134385,0.9201252991044835,0.9200000000000059,0.9198656441121431,0.9197389323364422,0.9196083985046666,0.9194625764485919,0.9192899999999937,0.9190869268349705,0.91885131134606,0.9185742324396575,0.9182467690221656,0.9178599999999868,0.9173300073936701,0.9166160968078455,0.9157741825251933,0.9148601788283661,0.913930000000016,0.9129670958663061,0.9119232415587687,0.910806839318084,0.9096262913849368,0.9083900000000117,0.9071350376806122,0.9058459478784898,0.9044523392360736,0.9028838203957791,0.9010700000000214,0.8987457040294435,0.8958562340392122,0.8926469120343441,0.8893630600197056,0.8862500000001656,0.8832014685173741,0.8800538735767987,0.8769665443774781,0.8740988101187335,0.8716099999998888,0.8696309576646608,0.8680039589727309,0.866455481448519,0.8647120026162392,0.8625000000000984,0.8592699814759452,0.8550192708295059,0.8502945694446744,0.8456425787062827,0.8416099999991511,0.8378667628544019,0.8340146552398204,0.8304981661978479,0.8277617847704564,0.8262499999996189,0.8255465930056838,0.8249557671313982,0.8245026447542556,0.8242123482513986,0.8241099999999701,0.8260862344851905,0.8311815034577528,0.8381456551871764,0.8457285379440389,0.8526799999989265,0.8590392093120256,0.8656591865831242,0.8725105591982225,0.8795639545422215,0.8867900000000226,0.8942665682920719,0.9020278093048995,0.9099787661716197,0.9180244820255128,0.9260699999998583,0.9343287200935402,0.942865240184763,0.9513614002294775,0.9594990401829699,0.966960000000519,0.9744780319654698,0.9823230162174141,0.9894809844859704,0.9949379685025761,0.9976799999986614,0.9986472421202858,0.9994402473853243,1.000035631590208,1.0004100105300529,1.0005399999999751,0.9917103630151871,0.9695294890289574,0.9404594335393313,0.9109622520358727,0.8875000000082451,0.867807747971689,0.8473005664682631,0.828960510978618,0.8157696369924352,0.8107099999993608,0.8115835999983432,0.8136667999983462,0.816153199998352,0.8182363999983551,0.8191099999983606,0.8091334957095739,0.7849804871135291,0.7553157306665241,0.7288039828154922,0.7141100000074516,0.7085524171923301,0.7038274693413307,0.7001663128943427,0.6978001042983575,0.6969600000003662,0.6969747686400002,0.6970187059200001,0.6970912588800001,0.6971918745600002,0.6973200000000002,0.6991021291150368,0.7033819521518438,0.7089847106294513,0.7147356460702667,0.7194599999966869,0.7236506252854529,0.7281201034462583,0.7321732689638623,0.7351149563206629,0.7362499999990622,0.7362312799999453,0.7361866399999453,0.7361333599999453,0.7360887199999453,0.7360699999999453,0.7377692917741641,0.7419322753261781,0.7471566129902101,0.7520399671022417,0.7551799999982585,0.7569451528961628,0.7585499470081642,0.7598611646721647,0.7607455882241654,0.7610700000001658,0.760362595626912,0.7585049868819738,0.7558940803232694,0.752926782509503,0.74999999999938,0.7469535789545287,0.7434470040696946,0.7396066397076897,0.735558850230519,0.7314300000001901,0.7271492995901103,0.7226118097534913,0.7178926701218995,0.7130670203269254,0.7082100000001612,0.7032558639929374,0.6981507828372626,0.6929877696851452,0.6878598376887031,0.6828600000000549,0.6778919497684854,0.6728915926860215,0.6680002607193862,0.6633592858352144,0.6591100000001404,0.6550263235063039,0.6509737673036913,0.6472310493482292,0.6440768875953768,0.6417900000006078,0.640137296167079,0.638708301937966,0.6375156596253044,0.6365720115417555,0.635889999999981,0.6353548133333196,0.6348696149999867,0.634474009999987,0.6342076033333209,0.6341099999999879,0.6345824023451447,0.6358344070366106,0.6376182105552068,0.6396860093823378,0.6417899999994017,0.6440857186916702,0.6468365736688417,0.6499565692999694,0.6533597099539232,0.656959999999577,0.6609063341253489,0.6653235629380623,0.6700896246882588,0.675082457625741,0.6801800000003153,0.685458163804249,0.6910190396003211,0.6967798334944604,0.7026577515925263,0.7085700000003827,0.7145077419518369,0.7205298471379706,0.7266550813481594,0.7329022103722147,0.7392899999999474,0.7459393000922692,0.7528446500459864,0.7598353499534207,0.766740699907138,0.7733899999997007,0.77985775090076,0.7862648024703645,0.7925099785897154,0.7984921031394614,0.8041100000002506,0.8100737168929619,0.8164826815044144,0.8223197876700468,0.8265679292242183,0.8282100000012882,0.7420761604284962,0.5366800804285958,0.29152992042918413,0.08613384042928374,4.3019099393859506e-10,0.0,0.0,0.0,0.0,0.0,0.0,0.0,0.0,0.0,0.0,0.0,0.0,0.0,0.0,0.0,0.0,0.0,0.0,0.0,0.0,0.0,0.0,0.0,0.0,0.0,0.0,0.0,0.0,0.0,0.0,0.0,0.0,0.0,0.0,0.0,0.0,0.0,0.0,0.0,0.0,0.0,0.0,0.0,0.0,0.0,0.0,0.0,0.0,0.0,0.0,0.0,0.0,0.0,0.0,0.0,0.0,0.0,0.0,0.0,0.0,0.0,0.0,0.0,0.0,0.0,0.0,0.0,0.0,0.0,0.0,0.0,0.0,0.0,0.0,0.0,
0,0.0,0.0,0.0,0.0,0.0,0.0,0.0,0.0,0.0,0.0,0.0,0.0,0.0,0.0,0.0,0.0,0.0,0.0,0.0,0.0,0.0006504778378566556,0.0023154335135333604,0.0045651502702903635,0.006969911351372815,0.009100000000021868,0.011261288648944046,0.013740449730028637,0.016078966486788193,0.01781832216246748,0.018500000000307715,0.0185,0.0185,0.0185,0.0185,0.0185,0.01901052631574429,0.020331578947322626,0.02214736842100562,0.02414210526310967,0.025999999999951173,0.027830534736898227,0.029854551579003297,0.031923301052686814,0.03388803368426552,0.0356000000000547,0.03700708102554551,0.038234043076826874,0.039397464615288036,0.04061392410246678,0.04199999999990223,0.04377824901215721,0.045891054728844916,0.048034735939437745,0.049905611433342045,0.05119999999996727,0.052000200172594546,0.05263469887837552,0.05316909749787535,0.053668997411594255,0.05420000000003272,0.05469891505514135,0.055122639902141835,0.05556690722160207,0.05612744969406158,0.05690000000005835,0.05863286716674487,0.061586043359097786,0.0651227859684802,0.06860635238550827,0.07140000000080349,0.07348179987166692,0.07532567080157981,0.07703864179562481,0.07872774185975695,0.08049999999993096,0.08234969069993352,0.0842056558835787,0.08607677571725851,0.08797193036729314,0.08990000000000276,0.09190139394540442,0.09397119722083835,0.09605030352356764,0.09807960655086279,0.09999999999999404,0.1018800410102042,0.10376463915974132,0.1055592168041517,0.1071691962990251,0.10849999999994997,0.10948307275442959,0.1102335903566043,0.11093257158149172,0.11176103520420311,0.11289999999985212,0.11488479104617344,0.11781690716822002,0.12122662776760684,0.12464423224495302,0.1276000000008679,0.13002207794727316,0.13224030280693544,0.13438748869306116,0.13659644971952378,0.13900000000019652,0.14173571601879287,0.14472900852112014,0.14779444301414513,0.15074658500484417,0.1534000000001945,0.1557821456879187,0.1580397490637429,0.16016627959561108,0.162155206751655,0.1640000000000067,0.16558742156685602,0.16694160536029856,0.16826207837021512,0.16974836758668932,0.17159999999980569,0.1742712336126342,0.17777272522670895,0.1816386000348258,0.18540298322886706,0.18860000000071064,0.19111430711774968,0.19329727100419358,0.19538308133161353,0.19760592777258923,0.20019999999969995,0.2034736374222832,0.20733561425186053,0.21142077237073487,0.2153639536600318,0.2188000000008845,0.22165575018767103,0.22421433917016098,0.22664505305892657,0.22911717796520148,0.23180000000022027,0.2347493486332788,0.2378625267362594,0.24107103052255363,0.24430635620586694,0.24749999999990435,0.25063360156701586,0.25375284279633026,0.2568852832421256,0.2600584824586065,0.26329999999997766,0.26661347415215075,0.26998258659018326,0.27340496195214226,0.27687822487606883,0.2804000000000039,0.2840170391151706,0.28773283002151206,0.29148010137028213,0.2951915818127102,0.2988000000000257,0.3022828752106491,0.3056872696996964,0.30905022658343084,0.31240878897811797,0.3158000000000227,0.3192835764283082,0.3228348696356864,0.3263643746289391,0.3297825864148143,0.33300000000006014,0.336035555827982,0.33896205209930697,0.3417707704566468,0.3444529925426617,0.34700000000001174,0.34931674595651163,0.3514224450404684,0.3534797711462634,0.3556513981681042,0.3581000000001917,0.36093106616344994,0.3640756218476504,0.36743464445021745,0.37090911136858185,0.37440000000017815,0.3780200511162173,0.38184084300426147,0.3857016093340886,0.3894415837758709,0.39289999999978376,0.3959863921490512,0.3988263184403644,0.4015830486573404,0.40441985258300317,0.4075000000003812,0.41093035684129653,0.4146195796155183,0.4184336239689115,0.42223844554808343,0.42589999999964245,0.4293642712720087,0.4327225264925121,0.43605864607690337,0.4394565104407915,0.4429999999997847,0.44694290807378145,0.45123560946694674,0.4555068568232956,0.4593854027864861,0.4625000000001611,0.4648289209203411,0.46674811429621244,0.468482847212075,0.4702583867520653,0.4723000000003226,0.4746484255348653,0.47717358964823486,0.47984454099413165,0.4826303282266585,0.48549999999991844,0.4884816833674437,0.4916074937883764,0.4948524625255774,0.4981916208418455,0.5015999999999794,0.5050300182458067,0.5085044547370356,0.5121038821054573,0.5159088729826509,0.5200000000001952,0.5246808152932436,0.5299411827221592,0.535391142504368,0.5406407348576643,0.5452999999998251,0.5495115328333577,0.5535816605689061,0.5573660218878085,0.5607202554711637,0.5635000000000661,0.5656619351225585,0.5674205498943019,0.569018197104497,0.5706972295429482,0.5726999999994611,0.5751357157722805,0.5778886388425597,0.5808637040266238,0.5839658461404089,0.5870999999998485,0.5902393805533646,0.5934559760548566,0.5968028812797015,0.6003331910030543,0.6041000000000687,0.6083244465372557,0.6130060313398413,0.6178653928741094,0.6226231696057924,0.6270000000006206,0.630969810773321,0.6347375482620512,0.6383703803641061,0.6419354749774311,0.6454999999999702,0.6492226368585685,0.6530599551452125,0.6567759550022565,0.6601346365726553,0.6628999999993637,0.6649849541141064,0.6666508170607717,0.6681842029500151,0.6698717258925946,0.6719999999992634,0.6748149492523217,0.6782558224854736,0.6821492210926472,0.6863217464666675,0.6906000000003587,0.6952116646956865,0.7003110123929979,0.7056145277426378,0.7108386953949717,0.7157000000003642,0.720326654545695,0.7249215220781622,0.7293130623379014,0.7333297350651744,0.7368000000002395,0.7397879927091103,0.7424961209843436,0.7449602529050542,0.7472162565505311,0.7493000000000634,0.7511013244014935,0.7526284899517304,0.7540949933010097,0.7557143311000498,0.757699999999569,0.7603448047757135,0.7636184143279481,0.7672496214921267,0.7709672191040626,0.7744999999995832,0.7778545024760372,0.7812115432490719,0.7845613327840719,0.7878940815460374,0.7911999999999685,0.7945917509409872,0.7980761646754306,0.8014847029397911,0.8046488274697108,0.8074000000008299,0.8097314530015067,0.8118121384728902,0.8137370974433487,0.8156013709424204,0.8174999999996482,0.8193258105003887,0.82101644688482,0.8227341780192967,0.824641272769342,0.8269000000004798,0.8299209884368395,0.8337126056018871,0.8378337285476132,0.8418432343282891,0.8452999999981756,0.8482414487830344,0.8510003207900051,0.8535784684054566,0.8559777440139376,0.8581999999999962,0.8601536146685298,0.861863607641296,0.8635067932799645,0.8652599859458645,0.8673000000003359,0.8697427842856831,0.8725215174145973,0.8755388584005241,0.8786974662575346,0.8818999999997046,0.88573617773271,0.8902820735759924,0.8946698805516213,0.8980317916839553,0.8994999999973778,0.8996737816691089,0.8997668395128866,0.8998330065220939,0.8999261156875236,0.9000999999999679,0.9015264331709538,0.904816640057291,0.9091836303571945,0.9138404137707461,0.917999999998063,0.9219577693917582,0.9262389191373597,0.9304011841862909,0.9340022994896238,0.9365999999984336,0.9382864215641389,0.9395849789765442,0.940700325607275,0.9418371148256055,0.9432000000008101,0.9448426729304404,0.9466470376589724,0.9485600659223525,0.9505287294571998,0.9525000000001329,0.9544676082364607,0.9564689471583971,0.9585164819620942,0.9606226778438549,0.9627999999999819,0.9650050852315748,0.9672348072642629,0.9695619866811556,0.9720594440653629,0.9747999999999917,0.9785296823904588,0.9832493926894443,0.9879142617924117,0.9914794205963773,0.9928999999983432,0.9925360000004453,0.9916680000004483,0.9906320000004474,0.9897640000004433,0.9894000000004439,0.9899935999996945,0.9916047999996849,0.9939791999996821,0.9968623999996762,0.9999999999996678,
0.022,0.022394812792000174,0.023230068005447135,0.024307916822939535,0.025430510426986075,0.026400000000093682,0.027197161944316622,0.02795510029080603,0.02870445766513091,0.02947587669296639,0.030299999999987615,0.031183275665026534,0.032108999408868875,0.0330730853201989,0.03407144748768656,0.0351000000000018,0.03619500131870945,0.03736226109892915,0.038552020219808136,0.03971451956046729,0.040800000000027536,0.041771460188900655,0.042665919028307187,0.043544647773246625,0.04446891767877986,0.04549999999996768,0.046699593859665434,0.04804088684212132,0.04945238289475273,0.05086258596492782,0.05220000000001529,0.05344458769228244,0.054645138076898025,0.055833394615359716,0.05704110076920604,0.05829999999997551,0.05960934855963129,0.06094995337119559,0.062325883902945724,0.0637412096231316,0.06520000000000307,0.06674895062972519,0.06838859685570614,0.07005376776680255,0.07167929245191784,0.07319999999995447,0.07458075616441184,0.07587037808222025,0.0771296219178369,0.07841924383564525,0.0798000000000289,0.0813207075480189,0.08294623223313397,0.08461140314423055,0.08625104937021166,0.08779999999998067,0.0892222624248098,0.0905645322408995,0.0918856708445775,0.09324453963216545,0.09469999999998507,0.09631328361969815,0.09805179891085869,0.09983367239221608,0.10157703058241307,0.10320000000009222,0.10467177634414132,0.1060527483871524,0.10739783225812038,0.1087619440860777,0.11020000000005636,0.11172702167690385,0.11330906503068702,0.11492759754602438,0.11656408670757848,0.11820000000001196,0.11984533496933439,0.12151266748467189,0.12318733251534676,0.12485466503068424,0.12650000000000944,0.12809824892464317,0.12965940935056525,0.13122144531417862,0.13282232085187,0.1345000000000261,0.13629140938383488,0.1381757453928797,0.14010437671000808,0.14202867201809172,0.14390000000000253,0.1457033442622929,0.14747167213114548,0.14922832786885049,0.1509966557377031,0.15279999999999827,0.15463484813203465,0.15648618374037632,0.15836009528269815,0.16026267121667825,0.16219999999999485,0.164180433281013,0.16620121821036932,0.1682517864992233,0.1703215698587209,0.1724000000000082,0.17446201709407078,0.1765149743590284,0.1785969230769774,0.1807459145299693,0.18300000000005529,0.18544447179501233,0.18806223589757698,0.1907377641027057,0.19335552820527036,0.19580000000014253,0.1980092427279747,0.2000685486965763,0.20208323330123212,0.20415861193728713,0.20640000000008452,0.20888603787674898,0.21155871614075727,0.21431837546637889,0.21706535652799164,0.21969999999997425,0.22225392460511306,0.22479546793304933,0.22728004895841336,0.22966308665584073,0.23189999999996708,0.23390927955215535,0.23573304966566866,0.23751218000309748,0.23938754022701336,0.24149999999998872,0.24399125679570077,0.2468002110649674,0.24976353693640752,0.25271790853858045,0.25550000000004336,0.2580811910377443,0.26057376179246083,0.26302573702830967,0.26548514150944147,0.2680000000000069,0.2705775242424284,0.27318626022727693,0.27581623409091327,0.27845747196970116,0.28110000000000424,0.28373317430300754,0.2863637047272498,0.2890076479999769,0.29168106084846157,0.2943999999999765,0.2971773372867103,0.3000035464055914,0.3028610868811159,0.3057324182377593,0.3085999999999971,0.31146235997404964,0.31433124775431065,0.3172089555475484,0.3200977755605251,0.32300000000000323,0.32593716544210755,0.3289078674604026,0.33187998675762914,0.3348214040365604,0.33769999999996947,0.3405065996154189,0.34326402419834096,0.3459881489735608,0.3486948491658587,0.3514000000000151,0.35404696909322153,0.35662530580364504,0.35922015796745965,0.36191667342085077,0.3648000000000058,0.36810039344223355,0.3717790426225642,0.37551749508158316,0.3789972983602743,0.38189999999962243,0.3841300484669907,0.3859765454012929,0.38769801810201976,0.38955299386844056,0.39179999999982407,0.39476555081720477,0.3983616159565617,0.4022249056869933,0.40599213027806336,0.4092999999993383,0.4120384826553014,0.4144789331146166,0.4168301422462344,0.41930090091853645,0.4220999999999133,0.42543055742716573,0.42919623279066776,0.4331566294406817,0.43707135072719483,0.44070000000018617,0.4440264341874778,0.44722072530302137,0.4503217993248101,0.4533685822310548,0.4563999999999665,0.45937193295352396,0.462259746228751,0.465131593027277,0.4680556265505762,0.47110000000012464,0.4742454194005279,0.47745154482558083,0.48075496055042144,0.4841922508502089,0.4878000000001027,0.4917619125772861,0.4960715297316254,0.500480190597381,0.5047392343087989,0.5086000000001256,0.5120858524174491,0.5153910695811428,0.5185233605361048,0.5214904343273732,0.5242999999999858,0.5268395810218021,0.529122685512327,0.531345999491732,0.5337062089806115,0.5363999999995617,0.5396494762127464,0.5433770560881044,0.5473298978573684,0.5512551597512694,0.5549000000005453,0.5582183110606196,0.5613865145773536,0.5644855625637406,0.5675964070333954,0.5707999999999307,0.5740713152655518,0.5773576043331403,0.5806982357679784,0.5841325781352279,0.5877000000000518,0.5916434161450761,0.5959457470719505,0.6002563699265036,0.6042246618541869,0.607500000000436,0.6100270065277282,0.6121426352171833,0.6140847606430713,0.6160912573795017,0.6184000000005909,0.6211194605360566,0.624119393103105,0.6272795954019537,0.6304798651337529,0.6335999999996513,0.6366030395137072,0.6395691185410639,0.642553677811581,0.6456121580547427,0.6488000000000318,0.6523175333733153,0.6561353964736139,0.6599644928869859,0.6635157262000524,0.6664999999994405,0.6688204627552041,0.6707480739804241,0.6725454538279099,0.6744752224501802,0.6767999999997496,0.6797734744585417,0.6833006369000527,0.6871210621119683,0.6909743248823768,0.6945999999993591,0.6980721178218245,0.7015662660014832,0.7049743552703389,0.7081882963595363,0.7111000000002203,0.7135743357358413,0.7157175410155254,0.7177835784272437,0.7200264105592806,0.72269999999991,0.7265023432635971,0.7313666830468684,0.7363998511970138,0.7407086795638769,0.7433999999973011,0.7446627450507775,0.7454824226531729,0.7461607277299667,0.7469993552043741,0.7482999999995998,0.7511965517476185,0.7560069931300575,0.761809158637881,0.7676808827632442,0.7726999999983377,0.7769141824869261,0.7809640371159748,0.7848168005015549,0.7884397092580855,0.791799999999987,0.7948985837879239,0.7977900786364089,0.8005222815909541,0.8031429896970141,0.8057000000000443,0.8081351933847953,0.8104242676552222,0.8126657452330428,0.8149581485404358,0.8173999999995787,0.8200562190520619,0.8228693575446404,0.8257543865113504,0.8286262769854815,0.831400000000325,0.834197466363845,0.8370768435369369,0.8398574875278664,0.8423587543457058,0.8443999999995224,0.8459107996669131,0.8470951745122361,0.8481841495237834,0.8494087496900038,0.8509999999993578,0.8532681461041802,0.8562025378612494,0.8595528565659274,0.8630687835135307,0.8664999999993803,0.869908034311063,0.8734655969089768,0.8770891423513874,0.880695125195885,0.8842000000000576,0.8876757436776654,0.891179464268939,0.8946053130214331,0.8978474411826509,0.9008000000001029,0.9035273964911896,0.9061311999999622,0.908561305263121,0.9107676070175079,0.9126999999999643,0.9143227791558175,0.9157178532584656,0.9170115377828232,0.9183301482045314,0.9197999999992383,0.921404419733669,0.9230681660329545,0.9248297024654923,0.926727492598745,0.9288000000001724,0.9311541654981759,0.9338032718256284,0.9366452954038169,0.9395782126545504,0.9424999999996402,0.9456186785610612,0.9490053782462073,0.9523527386502106,0.955353399369054,0.9576999999987486,0.9593404017632068,0.9606006647495953,0.9617407268542504,0.9630205259725173,0.9646999999997323,0.9672382839400697,0.9706157028845759,0.9743739798589104,0.9780548378887524,0.981199999999756,0.9838657918983382,0.9863919095026392,0.9887451311578221,0.9908922352087042,0.9928000000001025,0.994482655319366,0.9960035404257503,0.9974030978725594,0.9987217702129862,1.000000000000221,
0.011024,0.011426379604378867,0.012377192783499358,0.013661416160411277,0.015064026358203364,0.016369999999963802,0.017590182145961114,0.018873649352161903,0.02021272548538036,0.021599734412398028,0.02302699999999646,0.02450472289694676,0.026042246442666103,0.02763060853991081,0.029260847091436122,0.03092399999999735,0.03263272030629823,0.03439553365330099,0.03619728684715373,0.03802282669400367,0.039856999999997964,0.04170240303662605,0.04356964234473844,0.04545558013453804,0.047357078616225234,0.04927100000000038,0.0511920175588961,0.053122508390838215,0.055070890443329044,0.05704558166387771,0.0590549999999934,0.061116373364586,0.06322521464206138,0.06535736923724719,0.06748868255495744,0.0695950000000061,0.07164390470958598,0.07365159255633613,0.07566682804830199,0.07773837569351788,0.07991500000001833,0.0822613296628728,0.08475184802086988,0.08730010154742174,0.0898196367159767,0.09222399999998354,0.09446227743513513,0.09659528090579905,0.09870414565893204,0.10087000694140114,0.10317400000007293,0.10566640345014011,0.10830204551550521,0.11101888585581049,0.1137548841307503,0.11644800000001931,0.11910795425341647,0.12177610929664408,0.12443788721316512,0.1270787100864586,0.1296840000000034,0.13224027847886644,0.13475787848279025,0.13725793924728413,0.13976160000785431,0.14229000000000724,0.1448395699626603,0.1473963306642411,0.14996580638449286,0.1525535214031638,0.1551650000000021,0.15779077806948863,0.16042757203346417,0.1630901769626944,0.16579338792794918,0.16855199999999837,0.17139547853418163,0.17431598242360186,0.17727234704595607,0.18022340777889023,0.18312800000004975,0.18598491416846621,0.18882189879601344,0.1916412263393276,0.19444516925509453,0.19723600000000005,0.20000317474858556,0.20274536567169152,0.20547866922050995,0.2082191818462225,0.21098300000001083,0.21376470059404343,0.21655369810028213,0.21935834530949516,0.22218699501246952,0.22504799999999225,0.22793480125148435,0.23084248348237724,0.23378186508752918,0.2367637644617882,0.23979900000000232,0.24288997461360723,0.24603135213865593,0.24922234235690016,0.2524621550500956,0.25574999999999815,0.259124474481634,0.2625880262382836,0.26608564075411845,0.26956230351330335,0.2729630000000034,0.2762497221108775,0.279460236118356,0.2826531890704108,0.285887228014987,0.2892210000000295,0.29267825242055917,0.29622285223612355,0.2998236258414196,0.30344939963115125,0.3070690000000223,0.31069619349202515,0.3143519135280344,0.3180157368180388,0.3216672400720342,0.32528600000001623,0.3288854213590198,0.3324793674750349,0.336048102911554,0.33957189223205786,0.3430310000000272,0.3463787479084136,0.3496300975095892,0.3528577731566125,0.35613449920245965,0.3595330000001089,0.3631026127042204,0.36679916256307243,0.3705551060698491,0.3743028997177743,0.37797500000007167,0.3815450833735508,0.38505880320402686,0.3885565813477165,0.39207883966093016,0.39566599999997776,0.39932673419065934,0.40303514020704057,0.40677977912810614,0.41054921203279043,0.414332000000028,0.41810248163868635,0.42186858188628845,0.4256692413145423,0.4295434004951936,0.43352999999998804,0.43763365030643225,0.4418335510903595,0.4461305267210704,0.4505254015678541,0.4550189999999996,0.459757059827993,0.46474497746705135,0.4697730651919656,0.4746316352778237,0.4791109999997061,0.48314265260152056,0.48689283844706144,0.4905039979917396,0.49411857169087536,0.4978789999997897,0.5017928781632708,0.5057670315711016,0.5097927458973013,0.5138613068156702,0.5179640000000089,0.5220310690686802,0.5260693417557889,0.5301849799085434,0.5344841453741906,0.5390729999999762,0.5442114495144974,0.5498613247573143,0.5556816752429468,0.5613315504857637,0.5664700000001339,0.5709810496548804,0.575124605179155,0.5791235358758797,0.5832007110483279,0.587578999999776,0.5923911191793714,0.5975036348075706,0.6027401908461067,0.6079244312564449,0.6128800000000432,0.617469802055636,0.6218171890898856,0.6261364750963563,0.6306419740685762,0.6355480000000715,0.6411736412203544,0.6474186907697019,0.6538685197090155,0.6601084990989889,0.6657240000002984,0.6707363392290745,0.6754657952747305,0.6799461817058102,0.6842113120912342,0.6882949999999226,0.6920175125106711,0.695377012099966,0.698674155433948,0.702209599178639,0.7062840000000525,0.7113987195336016,0.7174574407020557,0.7238643021038627,0.7300234423372114,0.7353390000002946,0.7397356838659208,0.743682636505024,0.747400647211145,0.7511105052781621,0.7550329999999525,0.75922363333197,0.763538048618903,0.7678972472399608,0.7722222305740856,0.7764340000002194,0.7805448630349197,0.7846095535867234,0.7886127126210406,0.7925389811035544,0.7963729999999472,0.8000540441203539,0.8035963630508591,0.8070970599211709,0.810653237860979,0.8143619999999729,0.8183573725388644,0.8225803312791435,0.8268384037498087,0.8309391174801899,0.8346899999996178,0.8379760131174336,0.8409520280450629,0.8438304364136657,0.8468236298546401,0.8501439999993856,0.8541457658729872,0.8587201107703528,0.863384872731249,0.8676578897947795,0.8710570000000519,0.873541189814512,0.8755690460956966,0.8774078074698348,0.8793247125627897,0.8815870000004224,0.8843269044980584,0.8874076837112175,0.8906931106755098,0.8940469584266406,0.8973330000003163,0.9007145853858161,0.9042829607626315,0.9077937434461845,0.9110025507529231,0.9136649999992876,0.9157225659566492,0.9174251666827038,0.9189910844307443,0.9206386014527297,0.9225860000006199,0.9250401624375142,0.9278981672402971,0.9309135908239341,0.9338400096047881,0.9364309999992129,0.9386178243714554,0.940587671105761,0.942478005654491,0.9444262934689132,0.9465700000003041,0.9491158540311178,0.9519874368467027,0.9548974926463023,0.9575587656303179,0.9596839999991529,0.9612428429523447,0.9625119731026093,0.963664681776895,0.9648742603009142,0.9663140000003798,0.9682026821593537,0.9704563856028265,0.9727943479667056,0.9749358068871148,0.9766000000001824,0.9777584306180191,0.9786738845485514,0.9795025231700194,0.9804005078609555,0.9815239999998893,0.9830212582394942,0.9848422551307734,0.9868457229024994,0.9888903937829494,0.9908350000004011,0.9929705501625214,0.9953912689328206,0.997660712621931,0.99934243754074,1.0000000000001474,0.999873469209317,0.9995326476276396,0.999035691441382,0.9984407568368001,0.9978060000001525,0.9969673095624758,0.9958221877543814,0.9945212111654884,0.9932149563846879,0.9920540000008691,0.99111332849245,0.9902885634635137,0.9894612341885201,0.9885128699424608,0.9873250000003306,0.9857113856608355,0.9836326926204872,0.9811908067497774,0.9784876139194134,0.9756250000001057,0.9723291857108229,0.9684593121417784,0.9643166457170604,0.9602024528613846,0.9564179999994753,0.953041123927699,0.9498610046520151,0.9467459234122888,0.9435641614482462,0.940183999999614,0.9367039248866185,0.9332014555916786,0.9295134238537806,0.9254766614108192,0.9209280000006972,0.9153991717404661,0.9088560755994504,0.9017867935880002,0.8946794077175646,0.8880219999995607,0.8819659114096483,0.8761801237937945,0.870429180473292,0.8644776247686448,0.8580900000003471,0.8511484225979071,0.8437730416271378,0.8360854493570455,0.828207238057721,0.8202599999992541,0.8122817900457107,0.8041837149550459,0.7958969448414503,0.7873526498185188,0.7784819999998502,0.769222539385765,0.7595944627721485,0.7496529164655377,0.7394530467725431,0.729049999999775,0.7184172648149738,0.7075025782972798,0.6963224593721445,0.6848934269647032,0.6732320000000906,0.661261267036346,0.6489561826303758,0.6364110647063432,0.6237202311882828,0.6109780000002223,0.598142910237641,0.5851493995706942,0.5720556337849985,0.5589197786662496,0.5458000000001433,0.5326505445950032,0.5194325359981526,0.5062144551038803,0.4930647828064578,0.4800520000001578,0.4671921760111213,0.4544381013480867,0.4417633386796054,0.42914145067415954,0.41654600000023145,
0.01,0.011073246752843602,0.013557402596995338,0.01650493506452655,0.018968311687899586,0.019999999999585683,0.02,0.02,0.02,0.02,0.02,0.0207199999996881,0.022559999999688163,0.025039999999687534,0.027679999999687954,0.029999999999688054,0.03200000000000005,0.03400000000000005,0.03600000000000005,0.038000000000000055,0.040000000000000056,0.04199999999999999,0.04399999999999999,0.04599999999999999,0.047999999999999994,0.04999999999999999,0.051999999999999956,0.05399999999999996,0.05599999999999995,0.057999999999999954,0.059999999999999956,0.062000000000000006,0.064,0.066,0.068,0.07,0.07200000000000002,0.07400000000000002,0.07600000000000001,0.07800000000000001,0.08000000000000002,0.08199999999999996,0.08399999999999995,0.08599999999999995,0.08799999999999995,0.08999999999999996,0.09189333333329941,0.09367999999996601,0.09551999999996563,0.09757333333329887,0.09999999999996523,0.10336000000004653,0.10768000000004907,0.11232000000005282,0.11664000000005714,0.12000000000005961,0.12242666666649993,0.12447999999983295,0.12631999999983323,0.12810666666649984,0.12999999999983336,0.13189333333316555,0.1336799999998326,0.13551999999983289,0.137573333333167,0.13999999999983403,0.14336000000013094,0.14768000000012993,0.15232000000012746,0.15664000000012646,0.1600000000001245,0.16242666666651395,0.1644799999998472,0.16631999999984792,0.16810666666651475,0.1699999999998485,0.17189333333326084,0.17367999999992767,0.17551999999992796,0.17757333333326142,0.17999999999992822,0.18335999999962294,0.18767999999961926,0.1923199999996168,0.19663999999961312,0.19999999999961027,0.20232000000039996,0.20416000000040002,0.20584000000039904,0.20768000000039866,0.2100000000003983,0.21336000000060018,0.2176800000005965,0.2223200000005976,0.22664000000059836,0.23000000000059728,0.23232000000027764,0.23416000000027992,0.23584000000028382,0.23768000000028655,0.24000000000028887,0.24335999999971225,0.24767999999971302,0.25231999999971055,0.256639999999706,0.2599999999997049,0.2623199999996775,0.26415999999967976,0.2658399999996828,0.2676799999996855,0.2699999999996874,0.27314666666707454,0.2770400000004112,0.2813600000004146,0.28578666666708274,0.29000000000042014,0.29399999999999993,0.29799999999999993,0.30199999999999994,0.30599999999999994,0.30999999999999994,0.3142133333337558,0.3186400000004199,0.3229600000004158,0.3268533333337471,0.3300000000004113,0.3323199999997626,0.33415999999976176,0.33583999999975944,0.3376799999997586,0.3399999999997565,0.3431466666663221,0.3470399999996516,0.3513599999996493,0.35578666666631165,0.35999999999964327,0.3639999999999999,0.3679999999999999,0.3719999999999999,0.3759999999999999,0.3799999999999999,0.38421333333311614,0.3886399999997803,0.3929599999997797,0.39685333333311235,0.39999999999977787,0.40231999999978285,0.4041599999997829,0.4058399999997824,0.4076799999997811,0.40999999999978165,0.41301866666660847,0.41665599999994263,0.42078399999994387,0.4252746666666112,0.4299999999999453,0.43542400000082093,0.4417120000008161,0.44828800000081337,0.45457600000080767,0.46000000000080465,0.464511999999643,0.4685759999996426,0.4723839999996424,0.4761279999996417,0.47999999999964116,0.484,0.488,0.492,0.496,0.5,0.504,0.508,0.512,0.516,0.52,0.5238719999999328,0.5276159999999326,0.5314239999999328,0.535487999999932,0.5399999999999316,0.5454239999991213,0.5517119999991156,0.5582879999991128,0.5645759999991071,0.5699999999991032,0.5745120000000967,0.578576000000095,0.5823840000000935,0.5861280000000924,0.5900000000000909,0.593871999999557,0.5976159999995554,0.6014239999995539,0.6054879999995548,0.6099999999995527,0.6152319999994873,0.6211359999994901,0.6274239999994933,0.6338079999994957,0.6399999999994996,0.6461919999994148,0.652575999999411,0.6588639999994079,0.6647679999994036,0.6699999999994004,0.6745120000001106,0.6785760000001106,0.6823840000001109,0.6861280000001106,0.6900000000001119,0.6938720000002858,0.6976160000002878,0.7014240000002898,0.7054880000002925,0.7100000000002953,0.7154239999987624,0.7217119999987602,0.7282879999987593,0.7345759999987607,0.7399999999987603,0.7445120000001051,0.7485760000001052,0.7523840000001063,0.7561280000001074,0.7600000000001064,0.764,0.768,0.772,0.776,0.78,0.784213333333212,0.7886399999998792,0.79295999999988,0.7968533333332166,0.7999999999998826,0.8023199999997779,0.8041599999997819,0.8058399999997832,0.8076799999997828,0.8099999999997838,0.8131466666665927,0.8170399999999285,0.8213599999999266,0.8257866666665938,0.829999999999929,0.834,0.838,0.842,0.846,0.8500000000000001,0.8542133333331092,0.8586399999997756,0.8629599999997746,0.8668533333331085,0.8699999999997718,0.8723199999992488,0.8741599999992449,0.8758399999992443,0.877679999999244,0.8799999999992423,0.8833599999983992,0.8876799999984026,0.8923199999983993,0.8966399999983974,0.8999999999983945,0.902426666666484,0.9044799999998174,0.9063199999998184,0.9081066666664865,0.9099999999998194,0.9118933333333414,0.9136800000000114,0.915520000000015,0.9175733333333498,0.9200000000000204,0.9233599999991888,0.9276799999991834,0.9323199999991765,0.9366399999991675,0.9399999999991557,0.9424266666663756,0.9444799999997073,0.9463199999997025,0.9481066666663662,0.9499999999996973,0.952,0.954,0.956,0.958,0.96,0.962,0.964,0.966,0.968,0.97,0.9723200000009555,0.9749600000009444,0.9774400000009429,0.9792800000009372,0.9800000000009277,0.98,0.98,0.98,0.98,0.98,0.9807199999988558,0.9825599999988519,0.9850399999988504,0.9876799999988464,0.9899999999988456,0.9923200000006389,0.9949600000006491,0.9974400000006529,0.9992800000006561,1.0000000000006608,1.0,1.0,1.0,1.0,1.0,0.9989600000035885,0.9964800000036078,0.9935200000036204,0.991040000003629,0.9900000000036471,0.99,0.99,0.99,0.99,0.99,0.9893866666651139,0.9877599999984419,0.9854399999984356,0.9827466666650952,0.979999999998423,0.9768533333329241,0.9729599999995937,0.9686399999995992,0.9642133333329355,0.9599999999996083,0.9559999999999997,0.9519999999999997,0.9479999999999997,0.9439999999999997,0.9399999999999997,0.9361279999991066,0.9323839999991046,0.9285759999991035,0.9245119999991038,0.919999999999102,0.9147679999997482,0.9088639999997543,0.9025759999997582,0.896191999999763,0.8899999999997679,0.8841371428565754,0.8784114285708622,0.8726171428565781,0.866548571428007,0.8599999999994372,0.8527314285707437,0.8448228571421765,0.8365485714278957,0.8281828571421865,0.8199999999993342,0.8121422222230645,0.8044266666675073,0.7966400000008411,0.7885688888897331,0.7800000000008422,0.7708565656567559,0.7612363636365533,0.7511878787880677,0.7407595959597844,0.7300000000001883,0.7186981818183682,0.7067854545456385,0.6945236363638188,0.682174545454723,0.6700000000001722,0.6579999999999998,0.6459999999999998,0.6339999999999998,0.6219999999999998,0.6099999999999998,0.5981476923078777,0.5864430769232563,0.5746646153847905,0.5625907692309404,0.5500000000001677,0.536516923080125,0.5222584615416608,0.5077415384647388,0.49348307692627813,0.48000000000319787,0.4673353846156596,0.4551138461541244,0.44322461538489843,0.43155692307720894,0.4200000000002895,
0.030673,0.031439,0.032205,0.03297,0.033736,0.034502,0.035537,0.036572,0.037607,0.038642,0.039677,0.04036,0.041043,0.041727,0.04241,0.043093,0.043978,0.044863,0.045749,0.046634,0.047519,0.048589,0.04966,0.05073,0.051801,0.052871,0.053694,0.054516,0.055339,0.056161,0.056984,0.058067,0.05915,0.060233,0.061316,0.062399,0.063539,0.064679,0.065819,0.066959,0.068099,0.069366,0.070633,0.071901,0.073168,0.074435,0.075761,0.077087,0.078413,0.079739,0.081065,0.082529,0.083993,0.085458,0.086922,0.088386,0.089822,0.091258,0.092695,0.094131,0.095567,0.097156,0.098745,0.10033,0.10192,0.10351,0.10509,0.10667,0.10825,0.10983,0.11141,0.11326,0.11511,0.11696,0.11881,0.12066,0.12243,0.1242,0.12597,0.12774,0.12951,0.13144,0.13338,0.13532,0.13725,0.13919,0.14108,0.14296,0.14485,0.14674,0.14862,0.15052,0.15241,0.15431,0.1562,0.15809,0.16001,0.16193,0.16385,0.16577,0.16769,0.16975,0.17181,0.17386,0.17592,0.17798,0.18018,0.18239,0.18459,0.1868,0.189,0.19128,0.19355,0.19583,0.1981,0.20038,0.20265,0.20493,0.20721,0.20948,0.21176,0.21419,0.21661,0.21904,0.22146,0.22389,0.22633,0.22878,0.23122,0.23367,0.23611,0.23861,0.2411,0.2436,0.24609,0.24859,0.25105,0.25352,0.25599,0.25845,0.26092,0.26362,0.26633,0.26903,0.27174,0.27445,0.27722,0.27999,0.28276,0.28553,0.2883,0.29106,0.29383,0.29659,0.29936,0.30212,0.30487,0.30761,0.31036,0.3131,0.31585,0.31864,0.32143,0.32422,0.32701,0.3298,0.33263,0.33546,0.33829,0.34112,0.34395,0.34699,0.35004,0.35308,0.35613,0.35918,0.36217,0.36516,0.36816,0.37115,0.37414,0.37721,0.38028,0.38335,0.38642,0.38949,0.39256,0.39562,0.39869,0.40175,0.40481,0.40772,0.41063,0.41354,0.41645,0.41936,0.42215,0.42494,0.42773,0.43052,0.43332,0.43652,0.43972,0.44292,0.44613,0.44933,0.45244,0.45554,0.45865,0.46176,0.46487,0.46785,0.47083,0.47381,0.4768,0.47978,0.4827,0.48561,0.48853,0.49145,0.49436,0.49756,0.50075,0.50395,0.50714,0.51034,0.51359,0.51685,0.5201,0.52336,0.52661,0.52968,0.53275,0.53582,0.53889,0.54197,0.54499,0.54802,0.55104,0.55407,0.5571,0.56005,0.563,0.56596,0.56891,0.57186,0.5749,0.57793,0.58097,0.584,0.58703,0.58999,0.59296,0.59592,0.59888,0.60184,0.60482,0.6078,0.61078,0.61377,0.61675,0.61983,0.62291,0.62598,0.62906,0.63214,0.63525,0.63835,0.64146,0.64457,0.64768,0.65073,0.65377,0.65682,0.65987,0.66292,0.66603,0.66913,0.67224,0.67535,0.67846,0.68126,0.68405,0.68685,0.68965,0.69245,0.69529,0.69812,0.70096,0.70379,0.70663,0.70969,0.71274,0.7158,0.71885,0.72191,0.72525,0.72858,0.73192,0.73525,0.73859,0.74121,0.74383,0.74645,0.74908,0.7517,0.75434,0.75699,0.75963,0.76228,0.76492,0.76791,0.7709,0.77389,0.77688,0.77987,0.78279,0.7857,0.78862,0.79154,0.79445,0.7971,0.79974,0.80239,0.80503,0.80768,0.81035,0.81303,0.8157,0.81837,0.82105,0.82346,0.82587,0.82828,0.83069,0.8331,0.83542,0.83774,0.84006,0.84238,0.8447,0.84735,0.85001,0.85266,0.85531,0.85796,0.86058,0.86319,0.86581,0.86842,0.87104,0.87315,0.87525,0.87736,0.87947,0.88158,0.88393,0.88628,0.88863,0.89098,0.89333,0.89585,0.89837,0.90089,0.90341,0.90593,0.90837,0.91081,0.91325,0.91569,0.91813,0.92075,0.92337,0.92599,0.92862,0.93124,0.93412,0.937,0.93988,0.94276,0.94564,0.94769,0.94975,0.95181,0.95387,0.95592,0.95886,0.9618,0.96474,0.96768,0.97062,0.97355,0.97649,0.97943,0.98237,0.98531,0.98825,0.99118,0.99412,0.99706,1.0,
0.0006563565153574766,0.0006598059766731418,0.0006647691114812351,0.0006714559418586884,0.0006800764898823447,0.0006908407776290485,0.0007085198660705294,0.0007382913947122554,0.0007809752534308273,0.0008373913321030073,0.0009083595206055518,0.0010740822030844144,0.0013917735297573064,0.0018277710395359636,0.0023484122713451905,0.0029200347641100133,0.003629957310297971,0.004562224266095483,0.005678261515978861,0.0069394949444293585,0.008307350435928229,0.009891922712610135,0.011777570250797675,0.01388711456644992,0.016143377175489637,0.018469179593839702,0.02094053605941909,0.023630055058251997,0.026455449478198723,0.029334432207159866,0.032184716133035696,0.035050051820390005,0.03798593623657198,0.04092770187380629,0.04381068122429155,0.04657020678022622,0.04922601194016407,0.05182645119141213,0.05434978865920609,0.05677428846879848,0.059078214745441726,0.06126278730153498,0.06335266510587971,0.06536127101835501,0.06730202789883565,0.06918835860719635,0.07100947132572127,0.07276102241312507,0.07446610699389439,0.07614782019252223,0.07782925713350142,0.07950787772156731,0.08116863267847131,0.08281585335430156,0.08445387109913324,0.08608701726304155,0.08770526319115336,0.08930581139183458,0.09090383995998653,0.09251452699051631,0.09415305057833101,0.09582118340300864,0.09750930695607317,0.09921551255037332,0.10093789149875378,0.10267453511405919,0.10443088573838688,0.10620857819684994,0.1079999925268425,0.10979750876575395,0.11159350695097373,0.11338579958966585,0.11517948452744146,0.1169778698093288,0.11878426348036189,0.12060197358557474,0.12242673919881149,0.124256471617128,0.12609773722037043,0.12795710238838603,0.12984113350102194,0.13175115932894224,0.13368337489551838,0.13563664595968308,0.13760983828036458,0.13960181761649118,0.14162513810327115,0.14368105758263663,0.14575149737370072,0.14781837879555867,0.14986362316730553,0.15187804052124054,0.15387379392095013,0.1558648342323196,0.15786511232125974,0.15988857905368145,0.16191718612037917,0.16394187767988258,0.16599009329984232,0.16808927254788386,0.17026685499163294,0.17255173449633782,0.1749303095980259,0.17736627687044398,0.1798233328873477,0.182265174222492,0.18470728337050674,0.18717394756543676,0.18964207049024345,0.19208855582787346,0.19449030726127348,0.19682607229985133,0.19911210283353453,0.20138155911574462,0.20366760139995838,0.20600338993965278,0.20841292134099287,0.21087494385152356,0.21335474518694286,0.21581761306292163,0.21822883519513042,0.22057178166601932,0.22287040120999368,0.22515084952080405,0.22743928229217486,0.22976185521782994,0.23211422269098111,0.23447925554053337,0.2368639341136511,0.23927523875751672,0.24172014981931272,0.2442042753621203,0.24672386540854063,0.2492718632450419,0.25184121215809124,0.2544248554341558,0.25702486305038014,0.25964630138739153,0.26228660833685125,0.26494322179042584,0.26761357963978194,0.2702995375619959,0.27300303330254694,0.27572162785572346,0.27845288221581055,0.28119435737709336,0.28395252490319717,0.2867291413998192,0.2895146954243209,0.2922996755340697,0.2950745702864329,0.29783887341309645,0.30059893845970453,0.3033555437045984,0.30610946742611267,0.30886148790258194,0.31161133896491716,0.314358507068193,0.31710339942698534,0.3198464232558707,0.3225879857694257,0.32532660272139635,0.32806200536537894,0.33079642416570226,0.3335320895866994,0.33627123209270343,0.3390096491648763,0.3417458574516565,0.344486166168233,0.3472368845298055,0.35000432175157364,0.3527921302208203,0.35559624794567973,0.3584114125727795,0.3612323617487196,0.3640538331201002,0.36687705978607565,0.3697055644870806,0.37253751933155665,0.37537109642795996,0.3782044678847466,0.3810414241027986,0.3838831845836739,0.38672406508685464,0.3895583813718212,0.3923804491980536,0.39517532009113593,0.3979468461720695,0.40071754409352883,0.4035099305081756,0.4063465220686722,0.4092190773856094,0.4121133686480185,0.4150429328760141,0.4180213070897482,0.4210620283093728,0.4241569728269333,0.42729964574649487,0.4305060273063072,0.43379209774460764,0.4371738372996333,0.4406936912602515,0.4443470095247225,0.4480791292454396,0.45183538757478436,0.4555611216651382,0.4592916673513251,0.46306349043409856,0.4668236230151239,0.47051909719599616,0.47409694507831,0.47754438640153285,0.48090106209141603,0.4841926360287072,0.48744477209420356,0.49068313416870235,0.4939311666553158,0.497172462752698,0.5003729095349094,0.5034983940760203,0.5065148034500997,0.5093893985426747,0.512150430660506,0.5148552725084379,0.5175612967915091,0.5203258762147593,0.5231619684164146,0.5260317051295901,0.528916220202806,0.5317966474843739,0.5346541208226058,0.5375062098804316,0.5403655851829166,0.5432060318715339,0.5460013350877644,0.5487252799730886,0.5513687281076127,0.5539516173273549,0.5564913471578117,0.5590053171244529,0.5615109267527477,0.5639396025769092,0.5662801269590436,0.5686359331682347,0.5711104544732408,0.5738071241428222,0.5768595899376034,0.5802271539823325,0.5837517310890825,0.5872752360704512,0.5906395837390361,0.5938375900473756,0.5969767095195719,0.6000708148261682,0.6031337786375983,0.6061794736242967,0.6092084249815725,0.6122119380632682,0.6151900557779152,0.6181428210339908,0.6210702767399721,0.6239624380545032,0.626819804089205,0.6296581436820967,0.632493225671183,0.6353408188944689,0.6382013241841216,0.6410642324867163,0.6439289478117971,0.6467948741689218,0.6496614155676479,0.6525325429471058,0.655408654529594,0.6582837952495564,0.6611520100414126,0.6640073438395822,0.6668252332401853,0.6696097169416299,0.6723977430318453,0.6752262595987468,0.6781322147302491,0.6812143690764558,0.6844506793010692,0.6876968875098011,0.6908087358088331,0.6936419663043485,0.6961558885889381,0.6984700626518658,0.7006806061979725,0.7028836369314364,0.7051752725564366,0.7075454051479537,0.7099306260063403,0.7123471016726526,0.7148109986881617,0.7173384835941383,0.7199706084534285,0.7226996261907861,0.7254685046397416,0.7282202116339362,0.7308977150070075,0.7334778487769503,0.7359998023115274,0.738500076469728,0.7410151721104147,0.7435815900924517,0.7462230117274699,0.7489158405398332,0.7516256607071127,0.7543180564069509,0.7569586118169893,0.7595316296842657,0.7620608136340743,0.764570849161146,0.767086421760265,0.7696322169262154,0.7722164027393561,0.7748227116705241,0.7774391758010251,0.7800538272120188,0.7826546979846649,0.7852208310723894,0.7877602372219259,0.7903044002036784,0.792884803788181,0.7955329317459683,0.7982937707691682,0.8011485524457409,0.8040331278911239,0.8068833482205426,0.8096350645492236,0.8122610340188057,0.814806646684956,0.8173167030339581,0.819836003552092,0.8224093487256385,0.8250559661594864,0.8277465747317853,0.8304532118382572,0.8331479148747055,0.8358027212369341,0.8383714543776084,0.8408731694703588,0.8433777514899434,0.8459550854115729,0.8486750562104568,0.8516298676037057,0.8547828092383347,0.8580103949861195,0.8611891387185282,0.8641955543070261,0.8669523031630426,0.8695477926273596,0.87210715546738,0.8747555244501557,0.8776180323427454,0.8808395043564374,0.8843546368648054,0.8879733693797327,0.8915056414128362,0.8947613924757434,0.8976444542379296,0.900296287182413,0.9028832740346431,0.905571797521258,0.9085282403688781,0.91197541077584,0.915828487651897,0.9197924097880232,0.9235721159757038,0.926872545006411,0.9296056649565152,0.9320138063950658,0.9342974518586438,0.9366570838827295,0.9392931850027999,0.9424324641382356,0.9459652377874459,0.9495873998489159,0.952994844222161,0.9558834648066732,0.9581506286011727,0.9600598714379487,0.9618563404807912,0.9637851828909643,0.9660915458297197,0.9692004149469398,0.9730244248155913,0.9770401959744959,0.9807243489637472,0.9835535043234529,0.9855659306108997,0.9872451298461806,0.9887355727581983,0.9901817300768379,0.9917280725319788,0.9933754066630084,0.9950274417020227,0.9966830024226664,0.9983409135977294,1.0000000000000022,
0.00761,0.00826309472982012,0.009881350466823813,0.012072058839021294,0.014442511474214825,0.016600000000211113,0.01859449968896737,0.02069137465008719,0.022820999766727967,0.024913749922249095,0.02690000000000964,0.02874935971480208,0.030512329144391948,0.0322406187165844,0.033985938859186715,0.035800000000006604,0.03769646013070821,0.0396425782531086,0.0416204663101495,0.04361223624478994,0.045599999999988886,0.04756754019064535,0.04952686299616535,0.05150241570636596,0.05351864561104652,0.05560000000000656,0.057750628732395226,0.05995740732394453,0.06221887154929664,0.06453355718309946,0.06690000000000088,0.0693566907422743,0.07190787222675471,0.07450070834011507,0.07708236296899496,0.07960000000003409,0.08205337651821833,0.08447851012145718,0.08687695546558674,0.08925026720647743,0.0915999999999997,0.09389349407312486,0.0961303283732512,0.09836041563680753,0.10063366860023776,0.10299999999998577,0.10552555191252311,0.10818124590159484,0.11087416393438232,0.11351138797809879,0.11599999999995736,0.11837291228065588,0.12069873684205934,0.12293810526311205,0.12505164912276112,0.12699999999995415,0.12876168421055945,0.1303818947368754,0.13192126315792818,0.13344042105266518,0.1350000000000337,0.1365301818180683,0.137990545454432,0.13948581818170458,0.1411207272726135,0.14299999999988622,0.14531127272712174,0.14805018181802976,0.15103345454530093,0.15407781818166355,0.1569999999998437,0.15977013333330187,0.16251039999996808,0.16526559999996793,0.16808053333330109,0.17099999999996746,0.17406346666663858,0.17724639999997183,0.18049759999997178,0.1837658666666383,0.1869999999999717,0.19018448484849554,0.19335345454546507,0.19653018181819212,0.19973793939394952,0.2030000000000099,0.20630383838382135,0.20963515151513476,0.21301454545452886,0.21646262626260993,0.21999999999998376,0.22368132132124496,0.22749729729722057,0.2313726126125356,0.23523195195187452,0.23899999999992227,0.24263195448073094,0.24617910668556742,0.24971028165000564,0.2532943044096072,0.2569999999999343,0.26086526315791114,0.2648484210526481,0.26889894736843795,0.2729663157894907,0.2770000000000174,0.28098439024388144,0.28495317073168636,0.2889297560975401,0.292937560975589,0.2969999999999793,0.30111881111741473,0.30527936018151003,0.30948050368689856,0.31372109812819177,0.31800000000000117,0.3223188671834641,0.3266793922480636,0.3310804837209318,0.3355210501292005,0.3400000000000016,0.3445509333333262,0.34917546666665955,0.3538245333333261,0.3584490666666591,0.36299999999999233,0.3674625777778001,0.3718704000000222,0.37624693333335546,0.38061564444446644,0.3850000000000219,0.38938435555559336,0.3937530666667044,0.39812960000003766,0.4025374222222598,0.40700000000003755,0.41155093333326864,0.41617546666660166,0.42082453333326797,0.425449066666601,0.429999999999934,0.4344319690822186,0.4387785739131369,0.44310919420299255,0.44749320966192996,0.4520000000000942,0.4566507613132399,0.4614027187222905,0.46622929547473047,0.47110391481812,0.47600000000001874,0.48095102040825977,0.48597551020417773,0.491024489796014,0.49604897959193184,0.5010000000000948,0.5058626938775099,0.5106705306122035,0.5154470204081216,0.5202156734693459,0.5249999999999581,0.5298163404255001,0.5346490212765638,0.5394735319148615,0.5442653617020954,0.5489999999999675,0.5536469787233588,0.5582234893616568,0.5627765106382526,0.567353021276551,0.5719999999999554,0.5767346382978855,0.5815264680851193,0.5863509787234172,0.5911836595744813,0.596000000000013,0.600784326530565,0.6055529795917898,0.6103294693877082,0.6151373061224021,0.6199999999999531,0.6249190076030424,0.6298794717887167,0.6348804321728704,0.6399209283713497,0.6450000000000012,0.6501510588234313,0.6553755294116663,0.6606244705881371,0.665848941176372,0.6709999999999015,0.6760627450980929,0.6810705882353476,0.6860470588235827,0.6910156862745629,0.6960000000000528,0.701,0.706,0.711,0.716,0.721,0.7260000000000001,0.7310000000000001,0.7360000000000001,0.7410000000000001,0.7460000000000001,0.7510000000000001,0.7560000000000001,0.7610000000000001,0.7660000000000001,0.7710000000000001,0.7760163265305908,0.781048979591816,0.7860734693877348,0.7910653061224291,0.7959999999999806,0.8008960851819542,0.8057707045253435,0.8105972812777833,0.8153492386868336,0.8200000000000545,0.8245224347826782,0.8289377391305041,0.8332918260870258,0.8376306086957207,0.8420000000000685,0.8464163720929876,0.8508491162790336,0.855273674418568,0.859665488372056,0.8639999999999626,0.8682789018718106,0.8725194963131038,0.8767206398184924,0.8808811888825877,0.8850000000000012,0.8890961232348075,0.893171296533909,0.8971984082155523,0.9011503465980943,0.9049999999998919,0.9087377203007136,0.9123857924811651,0.9159650045112404,0.9194961443608649,0.9229999999999629,0.9264786562770564,0.9299193974025974,0.9333208103896105,0.9366814822510823,0.94,0.9433150261235121,0.9466287147337531,0.9498848902823429,0.9530273772206928,0.9560000000002125,0.9588263988005485,0.9615564377810584,0.964173277361268,0.9666600779609683,0.9689999999999488,0.9711837986270015,0.9732383524027451,0.9752010068649873,0.977109107551486,0.9789999999999983,0.9809182315788827,0.9828410105262504,0.984704673684144,0.98644555789467,0.9879999999999327,0.9893919999999998,0.9906879999999998,0.9918879999999999,0.9929919999999999,0.9939999999999999,0.9949450666665697,0.9958431999999026,0.9966687999999021,0.9973962666665686,0.9979999999999014,0.9985493333332327,0.9990879999999003,0.999551999999901,0.9998773333332351,0.9999999999999023,1.0,1.0,1.0,1.0,1.0,1.0,1.0,1.0,1.0,1.0,0.9997262222216712,0.9990186666661183,0.9980479999994545,0.9969848888883437,0.9959999999994578,0.9950711111110419,0.9940799999999304,0.9930533333332633,0.9920177777777075,0.9909999999999296,0.9900145454545797,0.98904363636367,0.9880654545454879,0.9870581818182149,0.9860000000000326,0.9848972467531928,0.9837608311687773,0.9825757922077385,0.9813271688311153,0.9799999999999465,0.9785292190472754,0.9769133714282292,0.9752329142853733,0.9735683047615655,0.9719999999996629,0.9705402666666867,0.9691328000000198,0.9677552000000196,0.9663850666666861,0.9650000000000192,0.9636814545452603,0.9624443636361701,0.9611665454543523,0.9597258181816257,0.9579999999998083,0.955378181815199,0.9518254545424547,0.9480836363606358,0.9448945454515325,0.9429999999969745,0.9420479999998757,0.9412239999998764,0.9405759999998764,0.9401519999998762,0.9399999999998765,0.94,0.94,0.94,0.94,0.94,0.9400559999999769,0.9402079999999767,0.9404319999999766,0.9407039999999763,0.9409999999999762,0.9414080000000893,0.9419840000000907,0.9426560000000914,0.9433520000000923,0.9440000000000932,0.9445760000002139,0.9451280000002142,0.945692000000214,0.9463040000002143,0.9470000000002148,0.9478577777780823,0.9488733333336374,0.9499600000003041,0.951031111111416,0.9520000000003068,0.9528568888887866,0.9536639999998981,0.9544426666665646,0.9552142222221206,0.9559999999998983,0.9568426666663479,0.9577279999996806,0.9585919999996801,0.959370666666346,0.9599999999996793,0.9605493333332671,0.9610879999999344,0.961551999999934,0.9618773333332684,0.9619999999999349,0.961639999999079,0.9607199999990765,0.9594799999990702,0.9581599999990651,0.956999999999061,0.956053333333756,0.9551600000004234,0.954240000000425,0.95321333333376,0.9520000000004285,0.950106666669754,0.9475200000030952,0.9448800000031028,0.942826666669788,0.9420000000031337,0.942,0.942,0.942,0.942,0.942,
0.020663,0.021253,0.021843,0.022434,0.023024,0.023614,0.023811,0.024008,0.024204,0.024401,0.024598,0.027025,0.029452,0.031879,0.034306,0.036733,0.038504,0.040275,0.042047,0.043818,0.045589,0.047229,0.048869,0.050508,0.052148,0.053788,0.055297,0.056806,0.058314,0.059823,0.061332,0.063103,0.064874,0.066645,0.068416,0.070187,0.071368,0.072549,0.073729,0.07491,0.076091,0.077403,0.078715,0.080026,0.081338,0.08265,0.08429,0.08593,0.087569,0.089209,0.090849,0.092423,0.093998,0.095572,0.097147,0.098721,0.1001,0.10148,0.10285,0.10423,0.10561,0.10725,0.10889,0.11053,0.11217,0.11381,0.11532,0.11683,0.11833,0.11984,0.12135,0.12345,0.12555,0.12765,0.12975,0.13185,0.13388,0.13591,0.13795,0.13998,0.14201,0.14405,0.14608,0.14811,0.15015,0.15218,0.15382,0.15546,0.1571,0.15874,0.16038,0.16281,0.16523,0.16766,0.17009,0.17252,0.17442,0.17632,0.17822,0.18012,0.18203,0.18399,0.18596,0.18793,0.1899,0.19187,0.1941,0.19633,0.19856,0.20079,0.20302,0.20499,0.20695,0.20892,0.21089,0.21286,0.21515,0.21745,0.21974,0.22204,0.22434,0.22689,0.22945,0.23201,0.23457,0.23713,0.23936,0.24159,0.24382,0.24605,0.24828,0.25084,0.25339,0.25595,0.25851,0.26107,0.26343,0.26579,0.26815,0.27051,0.27288,0.2755,0.27812,0.28075,0.28337,0.286,0.28849,0.29098,0.29347,0.29597,0.29846,0.30108,0.30371,0.30633,0.30895,0.31158,0.3144,0.31722,0.32004,0.32286,0.32568,0.32837,0.33106,0.33375,0.33644,0.33913,0.34188,0.34464,0.34739,0.35015,0.3529,0.35579,0.35868,0.36156,0.36445,0.36733,0.37035,0.37337,0.37639,0.3794,0.38242,0.38531,0.38819,0.39108,0.39396,0.39685,0.39974,0.40262,0.40551,0.4084,0.41128,0.41417,0.41705,0.41994,0.42283,0.42571,0.42853,0.43135,0.43417,0.437,0.43982,0.44283,0.44585,0.44887,0.45189,0.4549,0.45779,0.46068,0.46356,0.46645,0.46933,0.47222,0.47511,0.47799,0.48088,0.48377,0.48678,0.4898,0.49282,0.49583,0.49885,0.50174,0.50462,0.50751,0.5104,0.51328,0.51623,0.51919,0.52214,0.52509,0.52804,0.53093,0.53381,0.5367,0.53959,0.54247,0.54503,0.54759,0.55015,0.55271,0.55526,0.55835,0.56143,0.56451,0.5676,0.57068,0.5733,0.57593,0.57855,0.58117,0.5838,0.58655,0.58931,0.59206,0.59482,0.59757,0.60046,0.60335,0.60623,0.60912,0.612,0.61469,0.61738,0.62007,0.62276,0.62545,0.62807,0.6307,0.63332,0.63595,0.63857,0.64139,0.64421,0.64703,0.64985,0.65267,0.65536,0.65805,0.66074,0.66343,0.66612,0.66874,0.67137,0.67399,0.67662,0.67924,0.68213,0.68501,0.6879,0.69078,0.69367,0.69688,0.7001,0.70331,0.70653,0.70974,0.71341,0.71709,0.72076,0.72443,0.72811,0.7304,0.7327,0.735,0.73729,0.73959,0.74228,0.74497,0.74766,0.75034,0.75303,0.75507,0.7571,0.75913,0.76117,0.7632,0.76576,0.76832,0.77088,0.77343,0.77599,0.7777,0.7794,0.78111,0.78281,0.78452,0.78741,0.79029,0.79318,0.79606,0.79895,0.80138,0.8038,0.80623,0.80866,0.81109,0.81378,0.81646,0.81915,0.82184,0.82453,0.82716,0.82978,0.8324,0.83503,0.83765,0.83916,0.84067,0.84218,0.84369,0.8452,0.84618,0.84716,0.84815,0.84913,0.85011,0.85261,0.8551,0.85759,0.86009,0.86258,0.86586,0.86914,0.87242,0.8757,0.87898,0.88062,0.88226,0.8839,0.88554,0.88718,0.88882,0.89046,0.8921,0.89374,0.89538,0.89807,0.90075,0.90344,0.90613,0.90882,0.91335,0.91788,0.9224,0.92693,0.93145,0.93604,0.94064,0.94523,0.94982,0.95441,0.959,0.96359,0.96819,0.97278,0.97737,0.9819,0.98642,0.99095,0.99547,1.0,
0.015707843766254784,0.01611870846964303,0.017049645681509018,0.01828655441584781,0.019615333686758163,0.020821882508338052,0.02188745614062873,0.02295587033945687,0.02405686486317052,0.025220179470014314,0.02647555391823289,0.027871799890917592,0.029402819371753486,0.03101598757016122,0.03265867969550945,0.03427827095716646,0.035868931332927366,0.0374659785282708,0.03907850934382327,0.040715620580260056,0.04238640903825634,0.04408927051938988,0.045819368208767065,0.047580949982364465,0.04937826371615713,0.05121555728612018,0.053105777046378436,0.05504815324489923,0.057026359598353324,0.05902406982342365,0.06102495763679326,0.06305965423107424,0.06513930036190424,0.06721833409077949,0.06925119347914593,0.07119231658844982,0.07304029322046027,0.07482980237468245,0.07656941590894295,0.07826770568110908,0.07993324354904827,0.08154212757762355,0.08309064887244458,0.08461766885243294,0.08616204893652282,0.08776265054364782,0.08940092544698727,0.0910525077680436,0.09274753244841671,0.09451613442967366,0.09638844865338114,0.09841919083687078,0.10059980170292127,0.10286550370116543,0.10515151928125555,0.10739307089284372,0.10960258049635443,0.11182323498058333,0.1140364041877798,0.11622345796018585,0.11836576614004318,0.12046220528003306,0.12252634358988597,0.12456158839735794,0.12657134703021589,0.12855902681622666,0.1305230335317374,0.1324618016667756,0.13437878161965275,0.1362774237886759,0.1381611785721522,0.14002623049969984,0.14187065545867733,0.143700740883965,0.14552277421044987,0.14734304287301905,0.1491358837906938,0.15089715324988884,0.15266541773652187,0.1544792437365215,0.15637719773581593,0.15836061405741847,0.16040891864865842,0.16252781543200362,0.1647230083299101,0.16700020126483406,0.16937905611163961,0.17186369469435928,0.17443651085933073,0.1770798984528681,0.1797762513212856,0.18257507334181533,0.18549247475436992,0.18846075894899716,0.19141222931579704,0.1942791892448702,0.19704828086801704,0.1997659279524528,0.20245410634156402,0.20513479187870723,0.20782996040723878,0.21054750238501602,0.21327276727568134,0.21599391943131985,0.21869912320400703,0.22137654294581868,0.2240177852335465,0.22663109909652723,0.2292296125655477,0.23182645367141413,0.23443475044493278,0.23704511227679095,0.23964879416181642,0.24225989253709776,0.2448925038397106,0.24756072450673053,0.25026728896566836,0.2530034706319295,0.25576617442445093,0.2585523052621657,0.2613587680640073,0.2641934815123454,0.2670589727724967,0.2699440594877712,0.27283755930148706,0.27572828985696224,0.2786174964543443,0.28151265317506735,0.2844119208344154,0.28731346024766585,0.2902154322300961,0.2931235378673974,0.2960390056600204,0.2989532875453297,0.30185783546069933,0.30474410134350344,0.307599831038732,0.31043085802639236,0.3132557656964431,0.3160931374388322,0.3189615566435079,0.32186289231477183,0.32478506671680984,0.32772574312938196,0.3306825848322509,0.333653255105179,0.33663692807913276,0.33963536566338415,0.3426501128051583,0.34568271445167953,0.34873471555017227,0.35178182356420706,0.3548232925325239,0.357895987265069,0.3610367725717948,0.3642825132626537,0.36767093100130055,0.3711830023755296,0.3747704745815268,0.37838509481547367,0.38197861027355184,0.38555139510960446,0.3891357050051035,0.39273110944766193,0.39633717792489465,0.39995347992441654,0.4035994179145471,0.4072753564404932,0.41095230810513744,0.4146012855113738,0.4181933012620966,0.4217266136121127,0.42522149384621216,0.4286819741123106,0.4321120865583151,0.4355158633321327,0.4388848666078785,0.44221700367999617,0.44552582437703475,0.4488248785275163,0.4521277159599627,0.4554478782443893,0.4587763528197574,0.4620928583180199,0.46537711337112725,0.46860883661103,0.4717865794061854,0.4749249837366756,0.47802790415171265,0.48109919520054084,0.4841427114324043,0.4871448472772543,0.4901037563272105,0.49304093187483755,0.49597786721268766,0.4989360556333133,0.5019204982453684,0.5049169069377758,0.5079178411734041,0.5109158604151376,0.5139035241258605,0.5168805837494473,0.5198520238442149,0.5228182535447581,0.5257796819856632,0.5287367183015166,0.5316659370231606,0.5345670836604451,0.5374753238168681,0.540425823095854,0.543453747100828,0.5465456063600115,0.5496805510454349,0.5528827062260939,0.5561761969710097,0.5595851483492047,0.5631651589897686,0.5669084366302217,0.5707440200031211,0.5746009478408618,0.5784082588758392,0.5821800957219927,0.5859637694273678,0.589738071374629,0.5934817929466023,0.5971737255261136,0.6008220059190355,0.6044416943341775,0.6080219672583669,0.6115520011785047,0.6150209725814922,0.6184269909813784,0.6217792290124328,0.6250834578419561,0.6283454486372364,0.6315709725655619,0.6347568044241896,0.6379002880214522,0.6410080480411716,0.6440867091671845,0.6471428960833274,0.6501805328008015,0.6531957710568211,0.6561835771243458,0.6591389172763161,0.6620567577856726,0.6649189202111928,0.6677297102979601,0.6705178205987539,0.6733119436662847,0.6761407720532621,0.679018024960131,0.6819247923892856,0.6848408230960653,0.687745865835863,0.690619669364072,0.6934494525948186,0.6962489839061221,0.6990378362491907,0.701835582575238,0.7046617958354773,0.7075252114061439,0.7104129952147533,0.7133123660394334,0.7162105426583125,0.7190947438495195,0.7219566938621882,0.7248049391578641,0.7276519318333055,0.7305101239852684,0.7333919677105085,0.7362803511470467,0.7391671817080493,0.7420784404024025,0.7450401082390992,0.7480781662271326,0.7512201048100275,0.7544517303273799,0.7577364976334527,0.7610378615822981,0.7643192770279674,0.767571309017063,0.7708183360333689,0.7740745330859671,0.7773540751840742,0.7806711373369075,0.7840453137926796,0.7874677700759157,0.7909100381100453,0.7943436498185442,0.7977401371248887,0.801069097915845,0.8043497488753415,0.8076280501228768,0.8109499617778972,0.8143614439598508,0.8179110025714407,0.8215707303536384,0.8252719676832458,0.8289460549370751,0.8325243324919374,0.8359863971504988,0.8393796876970939,0.8427373074807404,0.8460923598505078,0.8494779481554668,0.852901352404964,0.8563405568895147,0.8597847213802944,0.8632230056484145,0.8666445694649871,0.8700657236399714,0.8734937601701936,0.8769043106070514,0.880273006501945,0.8835754794062742,0.8868130417424861,0.8900037175872005,0.8931482059732169,0.896247205933309,0.899301416500251,0.902304544120446,0.9052576941715286,0.9081726640829011,0.9110612512840056,0.9139352532042846,0.9167952129211155,0.9196336879010764,0.9224504971576283,0.9252454597041929,0.9280183945541917,0.930767922590052,0.933494582313635,0.9362010691674504,0.9388900785940186,0.9415643060358608,0.9442591838287289,0.9469731648281641,0.949653475255372,0.9522473413317349,0.9547019892786401,0.9571005034894946,0.9594874369921831,0.961752218958615,0.9637842785609205,0.9654730449712261,0.9668584580815864,0.9680784723228122,0.9691695386784991,0.9701681081316358,0.9711106316652112,0.972042519532055,0.9729516203753057,0.9737880427619074,0.9745018952590803,0.9750432864340441,0.97548203471361,0.9758940987121292,0.9762387972788411,0.9764754492628542,0.976563373513279,0.97641124036954,0.9760147777201853,0.9754638907367408,0.9748484845909626,0.9742584644546088,0.9735578987186102,0.9726788838366325,0.971813367071273,0.9711532956857187,0.9708906169431577,0.9709649997139478,0.9711555353893615,0.9714133050189144,0.9716893896512222,0.9719348703348993,0.9721641721976395,0.9724099573616425,0.9726506623668605,0.972864723753323,0.9730305780610592,0.973138208535764,0.9732114120416187,0.9732793455469779,0.9733711660200897,0.9735160304292001,0.974054914699992,0.9751843101451154,0.9767166468172945,0.9784643547685343,0.9802398640508256,0.9822987587968406,0.9848267581999472,0.9875314949074134,0.9901206015657369,0.9923017108214225,0.9940861664481215,0.9957074235482257,0.9972062817521306,0.9986235406919028,0.9999999999996083,
0.01069,0.011127,0.011564,0.012001,0.012438,0.012875,0.013508,0.014142,0.014775,0.015409,0.016042,0.016962,0.017882,0.018802,0.019722,0.020642,0.022313,0.023984,0.025655,0.027326,0.028997,0.031693,0.034389,0.037085,0.039781,0.042477,0.045262,0.048047,0.050831,0.053616,0.056401,0.059276,0.062151,0.065025,0.0679,0.070775,0.073028,0.075281,0.077534,0.079787,0.08204,0.084103,0.086167,0.08823,0.090294,0.092357,0.094132,0.095907,0.097683,0.099458,0.10123,0.10295,0.10467,0.10639,0.1081,0.10982,0.11148,0.11315,0.11481,0.11647,0.11814,0.12,0.12186,0.12373,0.12559,0.12746,0.12926,0.13107,0.13287,0.13468,0.13648,0.1386,0.14071,0.14282,0.14493,0.14704,0.14903,0.15102,0.15302,0.15501,0.157,0.15924,0.16148,0.16371,0.16595,0.16819,0.17027,0.17236,0.17445,0.17654,0.17862,0.18081,0.18299,0.18517,0.18735,0.18954,0.19167,0.19381,0.19595,0.19809,0.20023,0.2026,0.20498,0.20735,0.20972,0.21209,0.21443,0.21677,0.21911,0.22145,0.22378,0.22624,0.22869,0.23114,0.2336,0.23605,0.23853,0.24101,0.24349,0.24596,0.24844,0.2511,0.25376,0.25641,0.25907,0.26173,0.26443,0.26713,0.26983,0.27253,0.27523,0.27794,0.28064,0.28335,0.28606,0.28877,0.29147,0.29417,0.29687,0.29956,0.30226,0.3052,0.30813,0.31107,0.314,0.31694,0.31987,0.32281,0.32575,0.32869,0.33163,0.33449,0.33736,0.34022,0.34308,0.34595,0.34893,0.35191,0.35489,0.35787,0.36085,0.36375,0.36664,0.36954,0.37243,0.37533,0.37828,0.38123,0.38418,0.38713,0.39008,0.39334,0.3966,0.39985,0.40311,0.40637,0.40948,0.4126,0.41572,0.41883,0.42195,0.42511,0.42827,0.43142,0.43458,0.43774,0.44091,0.44407,0.44724,0.4504,0.45357,0.45655,0.45953,0.46251,0.46549,0.46847,0.47141,0.47435,0.47729,0.48022,0.48316,0.48635,0.48954,0.49273,0.49592,0.49911,0.50228,0.50545,0.50862,0.5118,0.51497,0.51805,0.52113,0.5242,0.52728,0.53036,0.53331,0.53625,0.5392,0.54214,0.54508,0.54833,0.55157,0.55482,0.55806,0.56131,0.56454,0.56777,0.57101,0.57424,0.57747,0.58048,0.58348,0.58649,0.58949,0.5925,0.59543,0.59836,0.60129,0.60423,0.60716,0.61012,0.61308,0.61605,0.61901,0.62197,0.62501,0.62804,0.63108,0.63412,0.63715,0.64014,0.64313,0.64611,0.6491,0.65209,0.655,0.65792,0.66083,0.66374,0.66666,0.66969,0.67272,0.67575,0.67878,0.68181,0.68476,0.68771,0.69066,0.69361,0.69656,0.69952,0.70248,0.70545,0.70841,0.71137,0.71441,0.71744,0.72048,0.72352,0.72655,0.72931,0.73206,0.73482,0.73757,0.74032,0.74307,0.74581,0.74855,0.75129,0.75403,0.75704,0.76006,0.76307,0.76608,0.76909,0.77214,0.77519,0.77824,0.78129,0.78433,0.78689,0.78945,0.79201,0.79457,0.79712,0.79953,0.80193,0.80434,0.80674,0.80915,0.81191,0.81467,0.81743,0.82019,0.82295,0.82581,0.82868,0.83154,0.8344,0.83727,0.83974,0.84221,0.84469,0.84716,0.84963,0.85207,0.85451,0.85695,0.85939,0.86184,0.86408,0.86633,0.86857,0.87082,0.87306,0.87521,0.87737,0.87952,0.88167,0.88382,0.88619,0.88856,0.89093,0.8933,0.89566,0.89804,0.90041,0.90278,0.90516,0.90753,0.90951,0.91148,0.91346,0.91543,0.91741,0.91944,0.92148,0.92352,0.92555,0.92759,0.92996,0.93233,0.93469,0.93706,0.93943,0.94174,0.94405,0.94637,0.94868,0.95099,0.95324,0.95548,0.95773,0.95997,0.96222,0.96498,0.96774,0.9705,0.97326,0.97602,0.9775,0.97899,0.98047,0.98195,0.98344,0.98454,0.98565,0.98675,0.98786,0.98896,0.99006,0.99117,0.99227,0.99338,0.99448,0.99558,0.99669,0.99779,0.9989,1.0,
0.024213,0.02492,0.025627,0.026334,0.027041,0.027748,0.029074,0.0304,0.031725,0.033051,0.034377,0.035565,0.036753,0.037942,0.03913,0.040318,0.041984,0.043651,0.045317,0.046984,0.04865,0.050432,0.052215,0.053997,0.05578,0.057562,0.059044,0.060525,0.062007,0.063488,0.06497,0.066493,0.068016,0.069539,0.071062,0.072585,0.074092,0.075599,0.077105,0.078612,0.080119,0.08154,0.082961,0.084383,0.085804,0.087225,0.088811,0.090396,0.091982,0.093567,0.095153,0.096799,0.098445,0.10009,0.10174,0.10338,0.10504,0.10669,0.10834,0.10999,0.11164,0.11346,0.11527,0.11708,0.11889,0.12071,0.12243,0.12415,0.12587,0.12759,0.12931,0.13128,0.13326,0.13523,0.1372,0.13918,0.14106,0.14295,0.14483,0.14671,0.1486,0.15074,0.15289,0.15504,0.15718,0.15933,0.16133,0.16333,0.16534,0.16734,0.16934,0.17146,0.17358,0.17571,0.17783,0.17995,0.18191,0.18386,0.18582,0.18778,0.18973,0.19185,0.19397,0.19608,0.1982,0.20032,0.2026,0.20489,0.20717,0.20945,0.21174,0.21391,0.21608,0.21825,0.22042,0.22259,0.22491,0.22722,0.22954,0.23185,0.23417,0.23646,0.23874,0.24103,0.24331,0.2456,0.24797,0.25034,0.25271,0.25509,0.25746,0.25985,0.26225,0.26464,0.26703,0.26943,0.27172,0.27401,0.27631,0.2786,0.28089,0.28341,0.28592,0.28844,0.29095,0.29346,0.29601,0.29856,0.30112,0.30367,0.30622,0.30868,0.31115,0.31362,0.31608,0.31855,0.32112,0.32368,0.32625,0.32882,0.33138,0.33384,0.33631,0.33877,0.34123,0.34369,0.34626,0.34882,0.35139,0.35396,0.35652,0.35936,0.36219,0.36502,0.36786,0.37069,0.37351,0.37633,0.37915,0.38197,0.38478,0.38755,0.39031,0.39307,0.39583,0.39859,0.40141,0.40424,0.40706,0.40988,0.41271,0.4154,0.41809,0.42078,0.42348,0.42617,0.42886,0.43155,0.43425,0.43694,0.43963,0.4425,0.44537,0.44824,0.45111,0.45399,0.45696,0.45993,0.4629,0.46587,0.46884,0.47151,0.47418,0.47685,0.47952,0.48219,0.485,0.4878,0.4906,0.49341,0.49621,0.4993,0.5024,0.5055,0.50859,0.51169,0.51474,0.51778,0.52082,0.52387,0.52691,0.52982,0.53274,0.53565,0.53856,0.54148,0.54441,0.54734,0.55028,0.55321,0.55615,0.55907,0.56199,0.56491,0.56784,0.57076,0.57374,0.57672,0.5797,0.58269,0.58567,0.58862,0.59158,0.59453,0.59749,0.60044,0.60366,0.60689,0.61011,0.61333,0.61655,0.61968,0.6228,0.62592,0.62904,0.63217,0.63534,0.63851,0.64168,0.64485,0.64802,0.65121,0.65441,0.65761,0.6608,0.664,0.66736,0.67073,0.67409,0.67746,0.68082,0.68377,0.68673,0.68968,0.69264,0.69559,0.69871,0.70183,0.70495,0.70806,0.71118,0.71455,0.71791,0.72127,0.72464,0.728,0.73153,0.73506,0.73858,0.74211,0.74564,0.74855,0.75146,0.75438,0.75729,0.7602,0.76314,0.76607,0.769,0.77194,0.77487,0.7782,0.78153,0.78485,0.78818,0.79151,0.79467,0.79784,0.801,0.80417,0.80733,0.81013,0.81293,0.81572,0.81852,0.82132,0.8243,0.82728,0.83026,0.83324,0.83622,0.83883,0.84143,0.84403,0.84664,0.84924,0.85196,0.85469,0.85741,0.86014,0.86286,0.86534,0.86782,0.87031,0.87279,0.87527,0.87791,0.88055,0.88319,0.88583,0.88847,0.89073,0.89299,0.89524,0.8975,0.89976,0.90218,0.90459,0.90701,0.90943,0.91185,0.91417,0.91649,0.91881,0.92113,0.92345,0.92594,0.92843,0.93092,0.9334,0.93589,0.93834,0.94079,0.94324,0.9457,0.94815,0.9505,0.95286,0.95522,0.95757,0.95993,0.96196,0.96399,0.96602,0.96805,0.97008,0.97208,0.97407,0.97607,0.97806,0.98006,0.98205,0.98404,0.98604,0.98803,0.99003,0.99202,0.99402,0.99601,0.99801,1.0,
0.04,0.041168000000749494,0.043664000000744,0.04657600000074158,0.048992000000737335,0.050000000000734346,0.05,0.05,0.05,0.05,0.05,0.05104000000020292,0.05352000000020407,0.05648000000020481,0.05896000000020685,0.06000000000020744,0.06,0.06,0.06,0.06,0.06,0.06103999999992826,0.06351999999992586,0.06647999999992571,0.06895999999992508,0.0699999999999239,0.07,0.07,0.07,0.07,0.07,0.07071999999984824,0.07255999999984608,0.07503999999984368,0.07767999999983877,0.07999999999983753,0.0823199999996187,0.08495999999962134,0.08743999999962515,0.08927999999962877,0.08999999999963126,0.09,0.09,0.09,0.09,0.09,0.09072000000013425,0.09256000000013564,0.09504000000013857,0.09768000000014032,0.10000000000014175,0.102,0.104,0.106,0.10799999999999998,0.10999999999999999,0.11199999999999999,0.11399999999999999,0.11599999999999998,0.11799999999999998,0.11999999999999998,0.12200000000000004,0.12400000000000004,0.12600000000000006,0.12800000000000006,0.13000000000000006,0.132,0.134,0.136,0.138,0.14,0.14200000000000007,0.14400000000000007,0.14600000000000005,0.14800000000000005,0.15000000000000005,0.152,0.154,0.156,0.158,0.16,0.16200000000000003,0.16400000000000003,0.16600000000000004,0.16800000000000004,0.17000000000000004,0.17200000000000001,0.17400000000000002,0.17600000000000002,0.17800000000000002,0.18000000000000002,0.18200000000000002,0.18400000000000002,0.18600000000000003,0.18800000000000003,0.19000000000000003,0.192,0.194,0.196,0.198,0.2,0.202,0.20400000000000001,0.20600000000000002,0.208,0.21,0.2118933333332651,0.21367999999993015,0.2155199999999291,0.21757333333326234,0.21999999999992714,0.22336000000051914,0.2276800000005137,0.2323200000005139,0.23664000000050844,0.2400000000005047,0.2424266666668211,0.24448000000015369,0.24632000000015286,0.24810666666681924,0.2500000000001523,0.252,0.254,0.256,0.258,0.26,0.2618933333334339,0.2636800000001023,0.2655200000001039,0.2675733333334387,0.2700000000001066,0.2733599999992409,0.2776799999992363,0.2823199999992294,0.28663999999922396,0.2899999999992202,0.2924266666665143,0.2944799999998484,0.29631999999984915,0.29810666666651664,0.29999999999985083,0.30189333333350676,0.30368000000017137,0.3055200000001703,0.30757333333350134,0.31000000000016703,0.31335999999977027,0.3176799999997648,0.32231999999976146,0.326639999999756,0.32999999999975227,0.33232000000031947,0.33416000000031776,0.3358400000003168,0.3376800000003146,0.34000000000031205,0.34336000000069866,0.34768000000069677,0.3523200000006881,0.3566400000006844,0.3600000000006798,0.3624266666669729,0.3644800000003068,0.36632000000030773,0.368106666666975,0.3700000000003092,0.3718933333337602,0.37368000000042656,0.3755200000004266,0.37757333333376053,0.38000000000042666,0.383359999999513,0.3876799999995093,0.3923199999995042,0.3966399999995005,0.3999999999994994,0.40232000000024115,0.40416000000024077,0.40584000000023845,0.4076800000002363,0.4100000000002355,0.41335999999920503,0.41767999999920136,0.422319999999198,0.42663999999919433,0.4299999999991915,0.4323200000005176,0.434160000000519,0.43584000000051937,0.43768000000052076,0.44000000000052086,0.4433599999991902,0.4476799999991936,0.4523199999991938,0.45663999999919547,0.4599999999991926,0.4623200000009078,0.4641600000009092,0.46584000000090864,0.4676800000009109,0.4700000000009119,0.47336000000180256,0.47768000000180244,0.4823200000017973,0.4866400000017972,0.4900000000017961,0.4923200000000518,0.4941600000000559,0.4958400000000589,0.4976800000000621,0.500000000000064,0.5033600000002441,0.5076800000002475,0.5123200000002459,0.5166400000002493,0.52000000000025,0.5223200000004748,0.524160000000478,0.5258400000004784,0.527680000000478,0.530000000000479,0.5333599999998437,0.5376799999998418,0.5423199999998438,0.5466399999998419,0.5499999999998426,0.552319999999499,0.5541599999995022,0.5558399999995061,0.5576799999995083,0.5599999999995111,0.5633600000008787,0.5676800000008804,0.5723200000008912,0.5766400000008947,0.5800000000008989,0.5823200000004327,0.5841600000004368,0.585840000000438,0.5876800000004376,0.5900000000004386,0.59335999999929,0.5976799999992881,0.6023199999992936,0.6066399999992953,0.6099999999992978,0.6123199999991025,0.6141599999991048,0.6158399999991069,0.6176799999991109,0.6199999999991146,0.6233600000013624,0.6276800000013623,0.6323200000013642,0.6366400000013677,0.6400000000013648,0.6423199999996854,0.6441599999996814,0.6458399999996809,0.6476799999996805,0.6499999999996788,0.6533599999988358,0.6576799999988392,0.6623199999988358,0.6666399999988339,0.6699999999988311,0.6723199999991607,0.6741599999991577,0.6758399999991536,0.6776799999991487,0.6799999999991435,0.6833599999985669,0.6876799999985757,0.6923199999985812,0.6966399999985935,0.6999999999986031,0.7023199999998404,0.7041599999998374,0.7058399999998368,0.7076799999998329,0.7099999999998321,0.7133599999997884,0.7176799999997758,0.7223199999997636,0.7266399999997564,0.7299999999997429,0.7324266666666874,0.7344800000000182,0.7363200000000147,0.7381066666666793,0.7400000000000104,0.7418933333332713,0.7436799999999417,0.7455199999999444,0.7475733333332806,0.7499999999999494,0.7533600000023668,0.7576800000023667,0.7623200000023651,0.7666400000023614,0.7700000000023586,0.7724266666661386,0.7744799999994694,0.7763199999994672,0.7781066666661305,0.7799999999994629,0.7818933333342386,0.7836800000009054,0.7855200000009033,0.7875733333342358,0.7900000000008998,0.7933599999981347,0.797679999998131,0.8023199999981188,0.8066399999981115,0.8099999999981087,0.8124266666657762,0.8144799999991097,0.8163199999991084,0.8181066666657744,0.8199999999991059,0.8218933333332066,0.8236799999998725,0.8255199999998712,0.8275733333332038,0.8299999999998695,0.8333600000006633,0.8376800000006703,0.8423200000006652,0.8466400000006722,0.8500000000006729,0.8524266666675553,0.8544800000008888,0.8563200000008893,0.8581066666675561,0.8600000000008876,0.862,0.864,0.866,0.868,0.87,0.872,0.874,0.876,0.878,0.88,0.8818933333331076,0.8836799999997744,0.885519999999774,0.8875733333331084,0.889999999999775,0.893360000001973,0.8976800000019658,0.9023200000019713,0.9066400000019748,0.9100000000019755,0.9124266666671748,0.9144800000005082,0.9163200000005078,0.918106666667172,0.9200000000005062,0.922,0.924,0.926,0.928,0.93,0.932,0.9339999999999999,0.9359999999999999,0.938,0.94,0.942,0.944,0.946,0.948,0.95,0.952,0.954,0.956,0.958,0.96,0.962,0.964,0.966,0.968,0.97,0.972,0.974,0.976,0.978,0.98,0.982,0.984,0.986,0.988,0.99,0.992,0.994,0.996,0.998,1.0,
0.015743,0.015389399999940823,0.014546199999941,0.013539799999941149,0.012696599999941327,0.012342999999941373,0.012616251691894065,0.013319875075641807,0.014279672613452532,0.0153214467675169,0.016271000000023572,0.01709369788292725,0.017907641337918168,0.018767735851424105,0.01972888690993868,0.0208459999999559,0.022159703449863982,0.023691155228091898,0.02546605528138285,0.027510103556445703,0.029848999999989523,0.03280987867337859,0.03654989140838372,0.040839764806630985,0.045450225469872985,0.05015199999986164,0.054985236812839594,0.060145982041782294,0.0656388088643054,0.07146829045788577,0.07763900000000039,0.08440335386438957,0.09181976410259263,0.09960179740858277,0.10746302047636891,0.11511699999995906,0.12264037374760894,0.13022418526361312,0.1377536099057668,0.14511382303191722,0.1521899999999109,0.1590084542988774,0.16565930208677307,0.1721234227252359,0.17838169557580313,0.184415000000012,0.19022143547471268,0.19582989042633628,0.20126742764059133,0.20656110990322266,0.211737999999975,0.21676530511377406,0.22163281741054452,0.22640147715040387,0.23113222459349259,0.23588599999995113,0.24067051229822936,0.24544529352484007,0.2501990186023409,0.2549203624532311,0.25959800000000977,0.2642471107571191,0.26887592102870583,0.2734626759217291,0.2779856205431658,0.2824229999999924,0.2868392580865755,0.2912515599672991,0.295567232804788,0.2996936037615535,0.303538000000108,0.30706320608764315,0.3103563967424374,0.31351148435344767,0.31662238130966347,0.3197830000000741,0.3230121761795569,0.326247428114106,0.3294606919588664,0.3326239038690777,0.3357089999999793,0.3387282690776159,0.34170306688125307,0.34461893014608286,0.3474613956072755,0.35021600000000125,0.3529171888780545,0.3555795433099808,0.3581588033028609,0.36061070886381513,0.362890999999964,0.364961239839631,0.36686840280746047,0.36869634585549727,0.3705289259357043,0.37245000000004524,0.3744711218769847,0.37653783758245396,0.3786349923494371,0.3807474314109509,0.3828600000000123,0.3849596189070222,0.3870565186045075,0.3891705088484694,0.39132139939494603,0.39352899999997604,0.39584911412460666,0.39827087171045417,0.4007140722339443,0.40309851517158646,0.40534399999989046,0.4074178760322339,0.40938070137762217,0.4112920887069217,0.413211650690833,0.4151990000000565,0.4172527871328616,0.4193343047640418,0.4214471288287931,0.4235948352623642,0.4257810000000038,0.4280174888336927,0.4303035234593168,0.43262371366810787,0.43496266925127497,0.43730500000002703,0.43968044068604634,0.44209945614388546,0.4445177512586804,0.4468910309156362,0.44917499999995697,0.45133427559163697,0.4534019282632471,0.45543634313903303,0.4574959053432085,0.4596389999999869,0.4618719739756498,0.4641584148175493,0.46649256867162847,0.468868681683808,0.4712810000000087,0.47372805275820157,0.4762154746543868,0.4787481701714702,0.4813310437923684,0.4839689999999978,0.4866892575244805,0.4894913337790797,0.4923385812714388,0.4951943525091984,0.49802199999999924,0.5008281979434828,0.5036373900865923,0.5064395832579638,0.5092247842862259,0.5119830000000067,0.5147422206149017,0.5175094714455094,0.5202433119686405,0.5229023016611636,0.5254449999999482,0.527840237205699,0.5301223846319187,0.5323483134553225,0.5345748948525069,0.5368590000000685,0.5391986238965453,0.5415562827917033,0.5439356297385873,0.5463403177903132,0.548773999999997,0.5512401346864998,0.5537370476918465,0.5562606933539461,0.558807026010699,0.5613720000000054,0.5639701482067425,0.5666046292983402,0.5692543362865734,0.5718981621832089,0.5745150000000137,0.577094207136718,0.5796500116731366,0.582198612641207,0.5847562090728586,0.587339000000021,0.5899612834217842,0.5926124648426663,0.5952714045526595,0.5979169628417704,0.6005280000000061,0.6031090352483569,0.6056745497176914,0.6082183465628523,0.6107342289386787,0.6132160000000096,0.6156907622377625,0.6181635069666042,0.6205948705765266,0.6229454894576076,0.6251759999999248,0.6272533896599475,0.6292122867766315,0.6311147890632567,0.633022994233198,0.6349989999998302,0.6371004625265133,0.6392869012158884,0.6414732086420898,0.6435742773789155,0.645505000000165,0.6472655639286813,0.64892623528039,0.6505070246677533,0.6520279427034079,0.6535089999999903,0.6549348158757473,0.6562961310695414,0.6576221383255095,0.6589420303876832,0.6602850000000934,0.6616706528708819,0.6630795514501153,0.6644823235938783,0.665849597158408,0.6671519999999417,0.6684334090092727,0.6697168549094099,0.6709416963048782,0.6720472918002092,0.6729729999999337,0.673704455800046,0.6743142264957152,0.6748720692914372,0.6754477413914901,0.6761110000001525,0.6768590633390249,0.6776534648997139,0.678510434790913,0.6794462031214229,0.6804770000000449,0.6816659606648259,0.6830290165673609,0.6845115921375786,0.6860591118052608,0.6876170000001898,0.6892929852358582,0.6911276189849724,0.6929655601162654,0.6946514674984439,0.6960300000002193,0.6971094099763602,0.6980406323074573,0.6988823496504373,0.6996932446623199,0.7005320000001247,0.7013925686266942,0.7022361702163762,0.7030723874927057,0.7039108031793535,0.7047609999999898,0.7056379996807418,0.706535501087612,0.7074311026541086,0.7083024028137349,0.7091269999999951,0.7098683966450281,0.7105441757220714,0.7112130564766306,0.7119337581541472,0.7127650000000627,0.7137920063822012,0.714998837131458,0.7162924646898228,0.7175798614989284,0.7187680000004115,0.7198205157796489,0.7208021071451962,0.721771340620891,0.7227867827310379,0.7239069999999417,0.7251852716139273,0.7265950624138862,0.72807521740694,0.7295645816000351,0.7310020000001181,0.7323870676373069,0.7337607703048503,0.7351240391537402,0.7364778053350867,0.7378229999999996,0.7391770325531812,0.7405394345108725,0.7418843201920213,0.7431858039154785,0.7444180000000957,0.7455098127766897,0.7464831698841183,0.747451720603244,0.7485291142149428,0.7498290000000831,0.7515798325572742,0.7537810797149458,0.7562029105935499,0.7586154943144869,0.7607889999991473,0.7626683001436443,0.7644142727825383,0.7661210953496131,0.7678829452777949,0.7697940000000094,0.7719107531583991,0.7741821999589362,0.7765412701802774,0.7789208936010816,0.7812540000000083,0.7835741029288248,0.7859259194094752,0.7882591844257008,0.7905236329612753,0.7926689999999734,0.7946513726870941,0.7965115925197637,0.7983265260088093,0.8001730396651876,0.802127999999851,0.8042339856781844,0.8064444300213762,0.808702481525533,0.8109512886864969,0.8131340000001124,0.8152460798425162,0.8173263040613219,0.8193827883588594,0.8214236484375912,0.8234569999999795,0.8254621290195819,0.8274338240129259,0.8294034544964226,0.8314023899865759,0.83346199999989,0.8355941073949767,0.8377798776483862,0.8400046942043244,0.8422539405068534,0.8445130000000345,0.8468178308787728,0.8491786199524618,0.8515420935867706,0.8538549781473903,0.8560640000000115,0.858151771706892,0.860158515976408,0.8621173743923889,0.8640614885388536,0.8660239999998203,0.8679623136469705,0.8698543521649342,0.8717640338595398,0.8737552770361834,0.8758920000002615,0.8782520181376712,0.8808081316620857,0.8834667361175197,0.8861342270485388,0.8887169999997071,0.8911562862946036,0.8935149639129234,0.8958818983838324,0.898345955236425,0.9009959999997914,0.9039441386458167,0.9071499032631838,0.9104732985576742,0.9137743292347942,0.9169130000000507,0.9198136196681936,0.9225730681522268,0.9253102068019032,0.9281438969675468,0.9311929999994817,0.934590653248935,0.9382760438493216,0.9420771078250585,0.9458217812004035,0.9493379999996288,0.9525657183187297,0.9556279107328325,0.958627043987633,0.9616655848283338,0.9648460000001311,0.9682024367281878,0.9716712206817353,0.9752080862711714,0.9787687679070611,0.9823089999999681,0.9858306775299502,0.9893633700399348,0.9929043237849424,0.9964507850199654,0.9999999999999961,